,State,colonies,Maximum_colonies1,Lost_colonies,Percent_lost2,Added_colonies,Renov_colonies3,Percent_renov4,Year,Qtr,Varroa_mites,Other_parasites,Diseases,Pestticides,Other3,Unknown,Unnamed: 0,STATE,POPULATION
0,AL,7000,7000,1800,26,2800,250,4,2015,Q1,10.0,5.4,0.0,2.2,9.1,9.4,0,AL,4852347
1,AL,7500,7500,860,12,1900,680,9,2015,Q2,16.7,42.5,0.0,2.3,3.2,4.1,0,AL,4852347
2,AL,8500,9000,1400,16,160,260,3,2015,Q3,63.1,70.6,0.0,2.6,2.2,17.7,0,AL,4852347
3,AL,8000,8000,610,8,80,60,1,2015,Q4,3.1,6.4,0.2,0.2,2.8,1.9,0,AL,4852347
4,AZ,35000,35000,4600,13,3400,2100,6,2015,Q1,26.9,20.5,0.1,0.0,1.8,3.1,2,AZ,6829676
5,AZ,33000,33000,5500,17,19500,7000,21,2015,Q2,8.4,32.1,0.5,20.1,28.2,0.3,2,AZ,6829676
6,AZ,40000,40000,6000,15,4300,15500,39,2015,Q3,53.5,24.8,5.4,17.3,7.6,5.1,2,AZ,6829676
7,AZ,36000,39000,12000,31,3000,16000,41,2015,Q4,50.1,1.7,1.1,3.5,0.5,15.5,2,AZ,6829676
8,AR,13000,14000,1500,11,1200,90,1,2015,Q1,17.6,11.4,1.5,3.4,1.0,1.0,3,AR,2978048
9,AR,13500,13500,1900,14,11500,5500,41,2015,Q2,65.9,63.4,7.0,22.6,27.4,9.3,3,AR,2978048
10,AR,23000,30000,9000,30,500,210,1,2015,Q3,69.2,32.4,0.9,5.0,1.8,1.4,3,AR,2978048
11,AR,23000,27000,2400,9,1900,0,0,2015,Q4,38.1,9.7,0.1,8.2,8.5,0.6,3,AR,2978048
12,CA,1440000,1690000,255000,15,250000,124000,7,2015,Q1,24.7,7.2,3.0,7.5,6.5,2.8,4,CA,38918045
13,CA,1040000,1050000,104000,10,170000,285000,27,2015,Q2,50.9,21.5,7.8,23.0,14.2,3.1,4,CA,38918045
14,CA,730000,800000,76000,10,40000,93000,12,2015,Q3,39.9,20.4,12.5,19.6,15.0,4.7,4,CA,38918045
15,CA,750000,1260000,149000,12,39000,75000,6,2015,Q4,37.3,12.7,6.2,11.7,10.5,7.3,4,CA,38918045
16,CO,3500,12500,1500,12,200,140,1,2015,Q1,14.6,0.9,1.8,0.6,2.6,5.9,5,CO,5450623
17,CO,12000,25000,1900,8,6000,3500,14,2015,Q2,38.6,1.8,4.6,2.8,3.4,6.6,5,CO,5450623
18,CO,29000,30000,4500,15,1400,1400,5,2015,Q3,50.5,1.5,2.7,16.5,3.7,2.7,5,CO,5450623
19,CO,24000,24000,2500,10,3400,0,0,2015,Q4,47.6,24.4,21.2,19.7,8.4,1.8,5,CO,5450623
20,CT,3900,3900,870,22,290,0,0,2015,Q1,2.5,1.4,0.0,0.0,21.2,2.4,6,CT,3587122
21,CT,3000,3000,80,3,1100,150,5,2015,Q2,10.2,0.4,1.9,0.8,1.0,0.7,6,CT,3587122
22,CT,3700,3700,50,1,190,440,12,2015,Q3,39.3,1.2,0.4,1.5,7.8,0.0,6,CT,3587122
23,CT,3200,3200,210,7,40,70,2,2015,Q4,10.5,1.7,0.5,1.1,3.4,2.0,6,CT,3587122
24,FL,305000,315000,42000,13,54000,25000,8,2015,Q1,22.3,13.5,0.8,8.9,5.1,4.4,9,FL,20209042
25,FL,210000,215000,35000,16,44000,24000,11,2015,Q2,44.2,26.4,2.7,17.7,13.6,5.4,9,FL,20209042
26,FL,164000,220000,36000,16,37000,29000,13,2015,Q3,39.5,21.7,6.7,22.9,21.9,3.4,9,FL,20209042
27,FL,220000,260000,37000,14,30000,28000,11,2015,Q4,27.3,18.4,2.5,6.8,3.0,4.2,9,FL,20209042
28,GA,104000,105000,14500,14,47000,9500,9,2015,Q1,6.2,4.9,3.3,2.6,4.8,10.5,10,GA,10178447
29,GA,114000,124000,23000,19,25000,19000,15,2015,Q2,52.8,17.5,2.9,28.7,11.5,4.1,10,GA,10178447
30,GA,108000,110000,13000,12,19500,15500,14,2015,Q3,47.6,16.2,3.6,21.2,8.9,3.6,10,GA,10178447
31,GA,110000,121000,18000,15,4400,1900,2,2015,Q4,43.5,13.9,5.3,4.5,3.7,1.3,10,GA,10178447
32,HI,10500,10500,380,4,3400,760,7,2015,Q1,38.8,37.7,1.6,0.0,2.0,0.0,11,HI,1422052
33,HI,13500,13500,120,1,1100,1200,9,2015,Q2,60.1,61.0,0.3,0.1,3.2,0.1,11,HI,1422052
34,HI,14500,14500,2700,19,1200,5500,38,2015,Q3,78.1,80.5,0.1,0.1,2.5,0.0,11,HI,1422052
35,HI,13000,13000,690,5,2700,760,6,2015,Q4,31.0,33.9,0.2,0.0,0.0,0.0,11,HI,1422052
36,ID,81000,88000,3700,4,2600,8000,9,2015,Q1,39.8,6.7,12.5,4.8,8.9,4.9,12,ID,1651059
37,ID,62000,72000,6500,9,16500,10500,15,2015,Q2,25.5,6.7,6.5,6.0,13.7,0.3,12,ID,1651059
38,ID,80000,128000,14000,11,5500,11500,9,2015,Q3,46.8,5.2,1.7,10.0,2.2,6.4,12,ID,1651059
39,ID,121000,145000,22000,15,5500,5500,4,2015,Q4,38.9,0.6,4.3,4.0,2.8,4.5,12,ID,1651059
40,IL,6000,10500,4200,40,2300,390,4,2015,Q1,12.3,6.9,0.7,0.4,12.6,11.6,13,IL,12858913
41,IL,9500,9500,1300,14,6000,1500,16,2015,Q2,10.3,3.7,0.2,2.5,2.3,2.4,13,IL,12858913
42,IL,14000,14000,1400,10,1300,1100,8,2015,Q3,7.7,3.0,0.6,0.4,3.4,1.0,13,IL,12858913
43,IL,14000,14000,690,5,0,30,0,2015,Q4,9.4,2.5,0.3,0.9,1.0,3.1,13,IL,12858913
44,IN,9000,9500,2100,22,490,120,1,2015,Q1,20.7,0.3,0.2,0.3,22.3,11.7,14,IN,6608422
45,IN,8000,12500,1300,10,4900,4300,34,2015,Q2,15.4,1.8,7.0,0.5,4.4,2.0,14,IN,6608422
46,IN,15000,15000,1600,11,1400,420,3,2015,Q3,13.7,10.3,4.8,8.2,1.0,6.2,14,IN,6608422
47,IN,11500,11500,1100,10,140,0,0,2015,Q4,15.1,0.5,6.3,0.1,0.6,3.7,14,IN,6608422
48,IA,12500,17500,3100,18,1700,270,2,2015,Q1,26.0,0.7,4.6,3.4,18.0,3.4,15,IA,3120960
49,IA,12500,24000,1400,6,6500,3100,13,2015,Q2,21.5,5.1,2.9,7.8,2.7,1.9,15,IA,3120960
50,IA,29000,37000,3000,8,640,680,2,2015,Q3,17.4,5.8,0.1,4.7,5.6,3.4,15,IA,3120960
51,IA,35000,35000,4300,12,40,30,0,2015,Q4,53.4,0.9,0.6,6.4,24.8,1.4,15,IA,3120960
52,KS,4600,7000,1600,23,450,70,1,2015,Q1,32.7,1.3,1.1,14.2,9.5,3.4,16,KS,2909011
53,KS,6000,7000,670,10,2800,420,6,2015,Q2,14.4,2.4,0.9,0.1,3.5,4.9,16,KS,2909011
54,KS,9000,9500,1000,11,100,160,2,2015,Q3,22.5,16.2,0.2,14.1,14.8,1.7,16,KS,2909011
55,KS,8500,8500,3400,40,50,20,0,2015,Q4,44.5,24.8,0.2,25.1,33.9,19.0,16,KS,2909011
56,KY,7500,10500,4100,39,250,0,0,2015,Q1,10.8,10.7,2.5,2.5,22.7,12.9,17,KY,4425976
57,KY,7500,8500,980,12,3600,1500,18,2015,Q2,21.7,18.2,5.3,1.8,9.5,2.9,17,KY,4425976
58,KY,10000,10000,1300,13,170,550,6,2015,Q3,40.4,11.3,1.2,6.5,9.0,2.0,17,KY,4425976
59,KY,8500,8500,1100,13,20,10,0,2015,Q4,22.2,14.8,0.4,9.8,7.2,1.7,17,KY,4425976
60,LA,51000,51000,8000,16,3100,6500,13,2015,Q1,17.2,4.7,4.3,1.7,3.1,2.1,18,LA,4664628
61,LA,44000,45000,1800,4,6500,8000,18,2015,Q2,36.4,3.7,0.2,1.1,5.0,0.5,18,LA,4664628
62,LA,50000,55000,2000,4,2300,1800,3,2015,Q3,25.9,2.3,0.0,1.6,3.0,0.2,18,LA,4664628
63,LA,55000,71000,4900,7,1100,2400,3,2015,Q4,10.9,1.0,0.0,0.6,2.4,0.2,18,LA,4664628
64,ME,3100,6500,380,6,20,0,0,2015,Q1,4.4,0.1,0.0,0.0,7.5,1.9,19,ME,1328262
65,ME,4600,30000,3200,11,3500,700,2,2015,Q2,72.1,34.5,0.1,34.5,0.5,0.1,19,ME,1328262
66,ME,6000,6000,450,8,410,140,2,2015,Q3,9.9,3.4,13.2,0.0,2.6,7.8,19,ME,1328262
67,ME,4700,4700,60,1,530,20,0,2015,Q4,18.0,0.2,0.0,0.0,0.1,0.4,19,ME,1328262
68,MD,7500,10000,4100,41,1600,870,9,2015,Q1,10.1,1.8,0.4,0.0,24.2,12.4,20,MD,5985562
69,MD,8000,11000,370,3,2600,710,7,2015,Q2,4.9,1.3,0.2,2.5,1.6,1.5,20,MD,5985562
70,MD,7000,7500,680,9,730,70,1,2015,Q3,26.9,19.1,2.9,22.8,7.1,2.0,20,MD,5985562
71,MD,7500,9500,730,8,0,0,0,2015,Q4,5.6,2.0,0.1,0.0,0.2,4.3,20,MD,5985562
72,MA,2900,4600,1000,22,260,120,3,2015,Q1,23.5,3.5,2.1,2.8,7.6,4.7,21,MA,6794228
73,MA,4100,14000,320,2,940,510,4,2015,Q2,66.8,61.7,0.2,61.8,4.4,3.1,21,MA,6794228
74,MA,7500,7500,560,8,290,400,5,2015,Q3,16.3,2.9,0.4,2.1,2.5,0.3,21,MA,6794228
75,MA,4500,4500,260,6,30,30,1,2015,Q4,31.4,1.6,6.2,1.9,2.6,1.1,21,MA,6794228
76,MI,16500,60000,11500,19,7500,2400,4,2015,Q1,14.3,3.1,1.1,1.6,8.3,4.6,22,MI,9931715
77,MI,58000,88000,9500,11,13500,5500,6,2015,Q2,26.9,13.0,0.6,9.1,16.4,3.1,22,MI,9931715
78,MI,89000,89000,7000,8,3300,3800,4,2015,Q3,44.6,16.3,7.3,13.7,1.8,8.8,22,MI,9931715
79,MI,67000,73000,9000,12,210,1600,2,2015,Q4,30.2,4.1,0.0,4.1,3.2,3.7,22,MI,9931715
80,MN,28000,74000,3700,5,690,530,1,2015,Q1,1.4,0.1,0.0,0.1,1.6,2.1,23,MN,5482032
81,MN,71000,125000,12500,10,20000,21000,17,2015,Q2,25.4,6.2,1.4,16.5,10.1,9.3,23,MN,5482032
82,MN,133000,136000,32000,24,640,2300,2,2015,Q3,33.3,14.6,7.4,27.4,7.0,7.2,23,MN,5482032
83,MN,104000,105000,10000,10,600,40,0,2015,Q4,43.6,8.7,8.4,25.0,3.8,8.9,23,MN,5482032
84,MS,34000,76000,8500,11,22000,7500,10,2015,Q1,9.4,8.2,0.1,2.1,1.2,1.1,24,MS,2988471
85,MS,89000,89000,11000,12,5500,10000,11,2015,Q2,10.1,6.0,0.3,0.1,2.3,1.7,24,MS,2988471
86,MS,23000,34000,3500,10,260,110,0,2015,Q3,45.5,2.2,0.0,1.1,3.8,1.4,24,MS,2988471
87,MS,31000,34000,1500,4,500,230,1,2015,Q4,10.6,2.5,0.3,0.0,0.7,1.3,24,MS,2988471
88,MO,12000,13000,2000,15,220,910,7,2015,Q1,13.1,6.0,2.2,4.2,11.8,6.3,25,MO,6071732
89,MO,11500,12500,500,4,1900,1800,14,2015,Q2,5.1,6.2,3.1,1.6,1.0,7.4,25,MO,6071732
90,MO,14000,14000,1200,9,700,630,5,2015,Q3,11.1,11.7,3.0,2.0,2.1,1.4,25,MO,6071732
91,MO,13500,13500,690,5,30,40,0,2015,Q4,2.8,6.0,3.3,0.1,0.8,1.5,25,MO,6071732
92,MT,8500,36000,2200,6,1400,1100,3,2015,Q1,8.7,0.5,0.6,0.8,2.3,7.9,26,MT,1030475
93,MT,36000,210000,4200,2,14000,33000,16,2015,Q2,9.0,0.9,0.8,5.3,1.6,0.0,26,MT,1030475
94,MT,140000,156000,10500,7,3200,10000,6,2015,Q3,52.5,16.4,10.7,2.3,6.4,5.3,26,MT,1030475
95,MT,116000,123000,10000,8,1000,80,0,2015,Q4,35.5,19.8,14.4,11.4,3.2,13.9,26,MT,1030475
96,NE,10000,31000,2600,8,120,310,1,2015,Q1,5.9,0.1,0.1,0.5,0.3,3.0,27,NE,1891277
97,NE,29000,68000,4100,6,15500,4600,7,2015,Q2,6.5,6.9,0.0,1.4,2.1,1.5,27,NE,1891277
98,NE,67000,77000,6000,8,500,6000,8,2015,Q3,33.2,10.3,10.9,13.2,4.6,4.3,27,NE,1891277
99,NE,72000,73000,7000,10,10,5500,8,2015,Q4,15.5,0.0,0.2,0.3,0.4,1.7,27,NE,1891277
100,NJ,6000,9000,1100,12,570,1600,18,2015,Q1,40.1,13.2,30.4,11.1,19.5,16.7,30,NJ,8867949
101,NJ,8500,19000,1800,10,2100,2900,15,2015,Q2,52.5,3.6,0.3,26.1,1.0,2.4,30,NJ,8867949
102,NJ,18500,18500,210,1,190,500,3,2015,Q3,7.2,1.0,0.1,0.0,1.1,0.7,30,NJ,8867949
103,NJ,8000,8500,270,3,20,10,0,2015,Q4,7.7,2.2,0.0,0.4,0.4,1.2,30,NJ,8867949
104,NM,7000,7000,690,10,190,600,9,2015,Q1,17.1,0.1,0.0,0.2,1.3,0.4,31,NM,2089291
105,NM,6500,8500,1000,12,1500,330,4,2015,Q2,38.8,0.0,15.5,5.9,0.4,2.7,31,NM,2089291
106,NM,6500,6500,1600,25,1300,650,10,2015,Q3,61.2,55.0,55.0,58.0,55.5,0.7,31,NM,2089291
107,NM,6000,6000,290,5,290,30,1,2015,Q4,30.9,0.3,0.2,8.4,0.6,1.7,31,NM,2089291
108,NY,27000,30000,6500,22,430,950,3,2015,Q1,7.6,2.6,0.5,4.4,12.4,8.3,32,NY,19654666
109,NY,24000,34000,1100,3,11000,1500,4,2015,Q2,19.1,12.5,4.5,4.4,3.3,1.1,32,NY,19654666
110,NY,44000,47000,6500,14,4400,7000,15,2015,Q3,40.0,14.3,5.7,17.1,8.8,1.5,32,NY,19654666
111,NY,45000,45000,4000,9,260,10,0,2015,Q4,24.5,2.2,0.8,0.9,0.4,6.2,32,NY,19654666
112,NC,24000,26000,7000,27,6000,690,3,2015,Q1,35.5,2.3,0.1,22.9,6.2,12.2,33,NC,10031646
113,NC,19500,23000,1800,8,5500,3300,14,2015,Q2,51.0,14.3,0.3,3.5,5.8,3.0,33,NC,10031646
114,NC,24000,24000,2900,12,2500,1100,5,2015,Q3,33.9,27.9,0.7,7.5,5.7,8.5,33,NC,10031646
115,NC,22000,22000,2200,10,510,70,0,2015,Q4,9.6,3.4,0.5,0.4,5.4,3.4,33,NC,10031646
116,ND,57000,120000,620,1,1800,530,0,2015,Q1,1.7,1.7,0.0,0.0,2.5,0.1,34,ND,754066
117,ND,121000,450000,29000,6,39000,61000,14,2015,Q2,15.5,3.0,0.1,4.3,4.6,0.3,34,ND,754066
118,ND,460000,500000,93000,19,11000,22000,4,2015,Q3,33.8,15.5,8.1,12.3,4.1,3.7,34,ND,754066
119,ND,230000,275000,35000,13,2700,9000,3,2015,Q4,10.8,2.3,1.8,1.5,3.7,2.1,34,ND,754066
120,OH,18000,22000,10500,48,5000,3300,15,2015,Q1,10.7,1.6,1.0,3.0,17.8,3.1,35,OH,11617527
121,OH,17500,19000,2100,11,10000,6000,32,2015,Q2,15.8,4.1,3.0,11.9,11.2,29.0,35,OH,11617527
122,OH,23000,23000,1900,8,2300,880,4,2015,Q3,30.7,8.0,0.6,23.4,1.6,1.7,35,OH,11617527
123,OH,19000,19000,2400,13,200,140,1,2015,Q4,36.3,8.8,2.0,7.3,14.5,2.1,35,OH,11617527
124,OK,9500,26000,6000,23,2600,260,1,2015,Q1,14.5,10.1,0.5,0.0,2.1,2.9,36,OK,3909500
125,OK,25000,27000,2200,8,5500,2200,8,2015,Q2,66.1,6.3,0.0,0.1,7.0,1.9,36,OK,3909500
126,OK,19500,22000,230,1,160,190,1,2015,Q3,1.6,2.3,0.1,0.1,0.6,0.4,36,OK,3909500
127,OK,5000,10000,650,7,290,60,1,2015,Q4,2.8,4.5,0.1,0.1,1.3,2.5,36,OK,3909500
128,OR,77000,87000,6500,8,4300,2400,3,2015,Q1,20.2,2.0,0.4,0.6,1.6,1.1,37,OR,4015792
129,OR,82000,95000,5500,6,14500,9500,10,2015,Q2,39.3,20.9,13.2,16.0,5.8,0.4,37,OR,4015792
130,OR,68000,100000,8500,9,8000,21000,21,2015,Q3,56.0,20.8,5.2,3.1,4.8,3.8,37,OR,4015792
131,OR,100000,114000,8500,8,200,1400,1,2015,Q4,16.4,1.3,1.5,1.5,1.7,1.5,37,OR,4015792
132,PA,14000,21000,6500,31,360,0,0,2015,Q1,28.1,6.3,1.9,1.9,17.8,6.3,38,PA,12784826
133,PA,15500,19000,1600,8,8500,2600,14,2015,Q2,11.4,5.8,2.6,1.6,6.7,2.1,38,PA,12784826
134,PA,25000,25000,1800,7,1800,2400,10,2015,Q3,45.1,11.3,3.7,5.1,7.2,0.8,38,PA,12784826
135,PA,22000,23000,2500,11,1300,6500,28,2015,Q4,32.2,4.3,1.0,0.3,0.8,1.0,38,PA,12784826
136,SC,17000,17500,2700,15,2700,1400,8,2015,Q1,10.5,2.3,0.2,0.3,3.6,2.9,40,SC,4891938
137,SC,17500,18500,950,5,1100,2000,11,2015,Q2,29.9,5.4,0.5,1.4,3.7,0.7,40,SC,4891938
138,SC,12000,12000,2000,17,880,580,5,2015,Q3,58.4,31.0,18.3,14.7,3.9,3.0,40,SC,4891938
139,SC,10000,17500,2200,13,640,1000,6,2015,Q4,14.2,2.9,0.4,1.7,5.8,0.0,40,SC,4891938
140,SD,50000,97000,4600,5,8500,2800,3,2015,Q1,1.2,0.9,0.3,0.5,1.2,1.8,41,SD,853988
141,SD,100000,290000,21000,7,27000,23000,8,2015,Q2,9.8,11.1,1.8,2.0,1.4,1.5,41,SD,853988
142,SD,295000,295000,53000,18,2100,13000,4,2015,Q3,22.0,7.3,2.0,7.1,1.9,5.7,41,SD,853988
143,SD,194000,205000,9000,4,2400,0,0,2015,Q4,16.8,3.0,1.9,7.1,2.4,4.1,41,SD,853988
144,TN,9500,9500,2000,21,1000,190,2,2015,Q1,22.2,17.1,0.0,0.0,13.0,4.4,42,TN,6591170
145,TN,7500,7500,730,10,3600,920,12,2015,Q2,47.8,26.3,1.8,9.8,2.6,3.0,42,TN,6591170
146,TN,10000,10000,1200,12,500,350,4,2015,Q3,50.8,38.4,0.5,4.8,2.2,1.0,42,TN,6591170
147,TN,8500,10000,1100,11,70,420,4,2015,Q4,43.6,28.3,0.0,4.6,7.1,3.6,42,TN,6591170
148,TX,191000,250000,26000,10,82000,51000,20,2015,Q1,21.5,12.2,5.0,11.1,2.3,6.2,43,TX,27470056
149,TX,305000,315000,33000,11,76000,94000,30,2015,Q2,19.3,22.9,2.5,6.6,7.4,3.0,43,TX,27470056
150,TX,76000,136000,16500,12,5500,4800,4,2015,Q3,30.7,26.0,1.3,19.4,4.7,5.2,43,TX,27470056
151,TX,125000,250000,25000,10,13000,2000,1,2015,Q4,20.9,8.7,2.7,5.4,2.2,8.0,43,TX,27470056
152,UT,6000,24000,3300,14,2500,290,1,2015,Q1,13.6,0.9,0.1,4.4,3.0,0.5,44,UT,2981835
153,UT,24000,27000,3400,13,10000,3900,14,2015,Q2,27.2,10.8,1.5,12.3,5.6,1.2,44,UT,2981835
154,UT,31000,36000,8000,22,1400,2200,6,2015,Q3,40.1,25.0,41.6,33.6,3.6,0.1,44,UT,2981835
155,UT,28000,28000,1900,7,120,100,0,2015,Q4,75.8,9.1,6.4,0.2,4.4,0.4,44,UT,2981835
156,VT,5500,5500,700,13,1200,20,0,2015,Q1,2.3,5.6,0.0,0.0,5.8,4.9,45,VT,625216
157,VT,6000,6000,100,2,580,50,1,2015,Q2,3.7,1.9,0.1,0.0,1.3,0.1,45,VT,625216
158,VT,6000,6500,40,1,30,20,0,2015,Q3,22.7,0.5,0.0,0.0,0.4,0.0,45,VT,625216
159,VT,6500,6500,940,15,10,10,0,2015,Q4,57.1,16.8,0.9,0.6,0.4,15.6,45,VT,625216
160,VA,8000,9000,2500,28,800,460,5,2015,Q1,19.0,9.4,2.3,0.0,9.8,11.9,46,VA,8361808
161,VA,7500,7500,270,4,2100,430,6,2015,Q2,26.2,13.0,1.8,0.2,3.0,4.5,46,VA,8361808
162,VA,8000,8000,680,9,520,220,3,2015,Q3,29.0,14.2,1.3,3.7,3.5,8.9,46,VA,8361808
163,VA,7500,7500,750,10,0,350,5,2015,Q4,26.3,17.2,0.4,0.0,5.8,10.4,46,VA,8361808
164,WA,52000,105000,14000,13,13500,9000,9,2015,Q1,21.5,0.5,0.3,3.6,6.0,1.1,47,WA,7163657
165,WA,105000,127000,5000,4,15000,13000,10,2015,Q2,48.7,0.2,2.2,2.0,3.2,0.5,47,WA,7163657
166,WA,84000,97000,11500,12,1800,20000,21,2015,Q3,45.6,3.7,2.3,1.4,3.8,0.3,47,WA,7163657
167,WA,87000,89000,6500,7,330,170,0,2015,Q4,6.9,0.1,0.1,0.3,3.0,1.5,47,WA,7163657
168,WV,4700,6000,1800,30,570,60,1,2015,Q1,18.0,7.3,2.2,2.1,14.6,6.1,48,WV,1842050
169,WV,4700,4700,570,12,2900,590,13,2015,Q2,15.6,8.3,0.6,2.7,4.6,4.4,48,WV,1842050
170,WV,7000,7000,300,4,300,270,4,2015,Q3,21.7,5.3,1.0,1.5,3.0,1.1,48,WV,1842050
171,WV,7000,7000,610,9,190,140,2,2015,Q4,18.8,4.5,1.3,3.0,8.2,0.6,48,WV,1842050
172,WI,16500,29000,8000,28,3100,2500,9,2015,Q1,18.8,1.6,2.7,8.5,8.3,5.8,49,WI,5760940
173,WI,25000,65000,4600,7,10000,5500,9,2015,Q2,35.3,5.6,1.0,8.2,15.2,2.3,49,WI,5760940
174,WI,60000,62000,9000,15,1300,4300,7,2015,Q3,47.3,20.1,8.3,20.9,12.6,13.5,49,WI,5760940
175,WI,48000,48000,6500,14,210,10,0,2015,Q4,49.4,15.6,2.5,21.9,6.6,21.4,49,WI,5760940
176,WY,5500,12000,2000,17,2000,1400,12,2015,Q1,0.9,0.0,0.0,0.0,0.7,0.0,50,WY,585613
177,WY,12000,25000,3200,13,7500,5000,20,2015,Q2,19.1,17.9,0.8,3.6,8.3,2.4,50,WY,585613
178,WY,29000,35000,2500,7,270,440,1,2015,Q3,28.5,11.0,6.4,3.4,2.0,0.4,50,WY,585613
179,WY,24000,25000,1300,5,30,0,0,2015,Q4,45.0,3.3,6.6,10.5,11.3,3.9,50,WY,585613
180,AL,7500,7500,1700,23,2100,90,1,2016,Q1,24.2,22.0,4.3,8.1,2.4,11.3,52,AL,4863525
181,AL,8000,8000,930,12,1200,690,9,2016,Q2,9.6,8.2,0.3,1.7,4.8,5.4,52,AL,4863525
182,AL,8000,8000,1200,15,440,50,1,2016,Q3,11.7,42.0,0.0,3.8,3.2,13.8,52,AL,4863525
183,AL,7000,7000,610,9,50,10,0,2016,Q4,12.3,9.9,0.2,2.4,6.7,3.3,52,AL,4863525
184,AZ,30000,30000,4700,16,3500,150,1,2016,Q1,33.8,2.8,0.0,7.7,6.5,7.2,54,AZ,6941072
185,AZ,22000,23000,3700,16,14000,1600,7,2016,Q2,26.8,47.5,17.2,12.0,17.4,3.5,54,AZ,6941072
186,AZ,30000,32000,6000,19,3200,2600,8,2016,Q3,41.7,1.0,0.9,13.5,13.4,8.9,54,AZ,6941072
187,AZ,29000,31000,6500,21,4600,3100,10,2016,Q4,98.8,15.5,2.3,6.5,4.3,3.2,54,AZ,6941072
188,AR,27000,27000,5000,19,5000,1100,4,2016,Q1,57.4,6.9,0.0,0.5,1.9,8.1,55,AR,2989918
189,AR,24000,24000,3400,14,12000,1600,7,2016,Q2,84.9,8.5,5.5,0.1,3.4,1.6,55,AR,2989918
190,AR,32000,32000,1500,5,270,60,0,2016,Q3,80.7,9.0,0.4,7.9,2.7,0.3,55,AR,2989918
191,AR,28000,28000,2500,9,20,10,0,2016,Q4,21.1,4.8,0.0,1.3,1.1,3.3,55,AR,2989918
192,CA,1130000,1410000,200000,14,210000,139000,10,2016,Q1,38.1,15.2,9.0,13.5,8.4,4.4,56,CA,39167117
193,CA,1110000,1150000,108000,9,240000,185000,16,2016,Q2,49.7,14.1,11.2,14.2,15.3,2.6,56,CA,39167117
194,CA,740000,820000,82000,10,33000,78000,10,2016,Q3,42.2,17.8,8.5,18.8,10.4,6.9,56,CA,39167117
195,CA,770000,1330000,205000,15,40000,35000,3,2016,Q4,41.9,13.7,8.0,9.1,9.6,3.5,56,CA,39167117
196,CO,5000,8500,750,9,1700,10,0,2016,Q1,2.9,4.1,0.5,0.2,2.7,0.2,57,CO,5539215
197,CO,9500,29000,1800,6,9000,680,2,2016,Q2,38.7,0.8,3.3,1.4,2.6,0.3,57,CO,5539215
198,CO,33000,37000,6500,18,1100,740,2,2016,Q3,49.3,22.4,16.8,24.6,10.6,0.1,57,CO,5539215
199,CO,30000,30000,4500,15,2500,0,0,2016,Q4,32.4,1.3,0.1,3.1,13.0,0.1,57,CO,5539215
200,CT,2700,2700,270,10,70,10,0,2016,Q1,12.3,0.8,0.2,0.0,7.7,1.7,58,CT,3578141
201,CT,2500,2500,100,4,390,60,2,2016,Q2,9.3,0.6,0.5,0.3,4.4,1.2,58,CT,3578141
202,CT,3100,3100,270,9,890,180,6,2016,Q3,18.8,1.6,0.0,0.2,5.0,0.8,58,CT,3578141
203,CT,3100,3100,240,8,0,0,0,2016,Q4,14.7,6.6,1.1,1.0,5.8,3.2,58,CT,3578141
204,FL,275000,295000,40000,14,49000,15500,5,2016,Q1,23.6,5.8,0.4,4.9,1.8,1.4,61,FL,20613477
205,FL,240000,240000,29000,12,43000,21000,9,2016,Q2,48.2,23.3,10.0,11.6,10.1,2.0,61,FL,20613477
206,FL,200000,220000,25000,11,62000,14500,7,2016,Q3,45.1,23.4,2.7,9.9,8.5,1.8,61,FL,20613477
207,FL,255000,300000,41000,14,31000,11500,4,2016,Q4,30.9,27.1,7.7,17.0,13.6,6.5,61,FL,20613477
208,GA,100000,100000,15500,16,36000,3200,3,2016,Q1,32.3,7.8,2.1,21.4,3.2,3.9,62,GA,10301890
209,GA,108000,111000,11000,10,17500,3600,3,2016,Q2,59.3,28.4,2.0,28.4,11.7,2.7,62,GA,10301890
210,GA,102000,103000,13000,13,12500,2300,2,2016,Q3,30.7,16.4,2.4,12.1,7.6,4.5,62,GA,10301890
211,GA,96000,112000,11000,10,12000,450,0,2016,Q4,43.6,8.6,3.7,7.6,4.1,2.5,62,GA,10301890
212,HI,15000,15000,280,2,570,530,4,2016,Q1,0.3,1.5,0.0,0.1,0.8,0.0,63,HI,1427559
213,HI,13500,13500,830,6,870,0,0,2016,Q2,35.6,38.1,0.0,0.6,3.2,0.0,63,HI,1427559
214,HI,13500,13500,600,4,430,820,6,2016,Q3,67.8,75.3,0.1,0.8,0.0,0.0,63,HI,1427559
215,HI,13500,13500,970,7,60,840,6,2016,Q4,39.9,40.8,0.0,0.1,0.2,0.1,63,HI,1427559
216,ID,91000,98000,8500,9,5500,3300,3,2016,Q1,31.5,2.3,2.1,5.9,5.4,1.4,64,ID,1682380
217,ID,60000,80000,6000,8,19000,5500,7,2016,Q2,21.2,4.8,2.7,3.1,5.4,2.7,64,ID,1682380
218,ID,79000,131000,13000,10,1900,2800,2,2016,Q3,25.3,4.7,4.5,7.6,6.0,3.3,64,ID,1682380
219,ID,121000,143000,15500,11,5000,420,0,2016,Q4,31.9,0.8,4.8,0.2,4.2,3.0,64,ID,1682380
220,IL,8500,9500,1400,15,860,40,0,2016,Q1,12.4,6.4,0.3,2.6,4.6,8.6,65,IL,12820527
221,IL,9000,9000,740,8,2200,380,4,2016,Q2,11.4,4.4,2.0,3.1,4.7,2.1,65,IL,12820527
222,IL,11000,11000,1300,12,850,310,3,2016,Q3,17.4,7.9,0.7,4.3,2.9,1.6,65,IL,12820527
223,IL,9000,9000,720,8,0,0,0,2016,Q4,27.8,11.7,1.2,5.6,3.9,4.8,65,IL,12820527
224,IN,6500,6500,770,12,30,0,0,2016,Q1,17.4,3.7,0.9,0.3,7.2,5.5,66,IN,6634304
225,IN,4300,7000,220,3,2700,900,13,2016,Q2,12.5,2.9,0.0,2.1,2.8,4.3,66,IN,6634304
226,IN,9500,9500,600,6,450,550,6,2016,Q3,50.4,12.4,1.2,0.6,2.5,1.2,66,IN,6634304
227,IN,7500,7500,1200,16,20,0,0,2016,Q4,28.2,9.6,0.2,1.4,1.0,3.8,66,IN,6634304
228,IA,13000,13000,2900,22,90,0,0,2016,Q1,52.8,14.4,13.8,2.7,24.0,4.8,67,IA,3131371
229,IA,10500,26000,2400,9,26000,760,3,2016,Q2,23.5,17.8,18.7,0.6,6.0,5.7,67,IA,3131371
230,IA,50000,50000,5500,11,10500,2400,5,2016,Q3,32.6,3.4,0.8,16.7,2.4,5.6,67,IA,3131371
231,IA,54000,54000,4700,9,0,20,0,2016,Q4,18.7,9.8,8.9,9.0,11.4,6.3,67,IA,3131371
232,KS,5000,5000,1100,22,1400,100,2,2016,Q1,30.3,10.0,0.1,1.1,2.4,5.4,68,KS,2910844
233,KS,4700,6000,960,16,3000,900,15,2016,Q2,47.3,11.6,2.8,8.3,3.7,1.8,68,KS,2910844
234,KS,8000,8000,2600,33,310,190,2,2016,Q3,42.8,25.5,14.1,29.1,4.5,2.6,68,KS,2910844
235,KS,5000,5000,1300,26,200,0,0,2016,Q4,29.2,8.3,0.3,3.1,5.1,1.4,68,KS,2910844
236,KY,6500,6500,1300,20,390,40,1,2016,Q1,23.6,9.0,0.7,6.3,12.5,8.4,69,KY,4438182
237,KY,5500,6000,450,8,2100,270,5,2016,Q2,38.9,36.1,1.7,28.4,16.0,3.8,69,KY,4438182
238,KY,7500,7500,1000,13,900,230,3,2016,Q3,42.3,25.7,0.9,11.5,7.4,4.5,69,KY,4438182
239,KY,7500,7500,950,13,60,80,1,2016,Q4,48.2,22.3,3.3,3.0,10.3,5.7,69,KY,4438182
240,LA,54000,55000,11000,20,9500,2600,5,2016,Q1,22.8,14.2,18.6,0.4,12.4,1.9,70,LA,4678135
241,LA,52000,53000,4300,8,10000,9500,18,2016,Q2,20.7,1.1,0.0,0.3,1.2,0.6,70,LA,4678135
242,LA,51000,60000,7000,12,2600,2100,4,2016,Q3,39.5,26.1,0.0,1.6,9.6,0.7,70,LA,4678135
243,LA,48000,57000,2000,4,250,340,1,2016,Q4,2.9,1.0,1.0,0.1,0.7,1.2,70,LA,4678135
244,ME,2200,3700,170,5,0,0,0,2016,Q1,3.3,0.4,0.3,0.0,0.8,1.4,71,ME,1331317
245,ME,3600,25000,4200,17,510,560,2,2016,Q2,82.7,0.0,4.3,31.1,2.4,27.9,71,ME,1331317
246,ME,5500,5500,420,8,240,140,3,2016,Q3,9.3,0.1,0.2,0.0,0.6,0.0,71,ME,1331317
247,ME,3500,3500,280,8,0,0,0,2016,Q4,10.7,0.8,0.1,0.0,5.8,0.1,71,ME,1331317
248,MD,7500,7500,820,11,1200,10,0,2016,Q1,26.2,0.1,0.0,9.5,6.7,0.7,72,MD,6003323
249,MD,8000,9000,320,4,2800,400,4,2016,Q2,4.2,2.3,2.4,2.9,3.3,0.6,72,MD,6003323
250,MD,7000,7000,200,3,400,20,0,2016,Q3,10.8,4.8,0.1,0.7,0.6,1.6,72,MD,6003323
251,MD,7500,9500,500,5,20,30,0,2016,Q4,23.8,8.3,4.5,4.6,5.8,0.6,72,MD,6003323
252,MA,3000,3000,370,12,1200,140,5,2016,Q1,10.1,5.2,0.7,0.0,3.1,1.1,73,MA,6823608
253,MA,4200,8500,300,4,1100,440,5,2016,Q2,40.5,10.6,0.3,10.6,2.3,11.9,73,MA,6823608
254,MA,9500,9500,530,6,450,40,0,2016,Q3,14.1,8.7,6.8,0.1,3.4,7.9,73,MA,6823608
255,MA,8000,8000,740,9,0,0,0,2016,Q4,6.1,2.6,0.4,0.4,0.7,4.2,73,MA,6823608
256,MI,25000,42000,5000,12,2300,80,0,2016,Q1,5.9,0.2,0.0,0.5,1.3,11.3,74,MI,9950571
257,MI,40000,103000,7500,7,13500,3200,3,2016,Q2,54.1,9.3,1.1,16.5,11.8,1.1,74,MI,9950571
258,MI,108000,108000,15000,14,11000,9500,9,2016,Q3,64.1,25.1,0.3,9.1,6.5,2.7,74,MI,9950571
259,MI,101000,101000,12500,12,10,130,0,2016,Q4,23.9,1.5,0.1,2.7,4.0,0.6,74,MI,9950571
260,MN,36000,38000,5500,14,6000,0,0,2016,Q1,12.1,7.0,0.2,11.6,8.0,14.5,75,MN,5522744
261,MN,27000,126000,13000,10,24000,4200,3,2016,Q2,20.8,6.0,6.5,18.2,8.6,7.6,75,MN,5522744
262,MN,132000,138000,26000,19,1300,1900,1,2016,Q3,47.2,14.6,6.2,22.4,17.8,8.9,75,MN,5522744
263,MN,113000,114000,13500,12,0,0,0,2016,Q4,27.5,7.7,3.1,17.6,5.0,8.9,75,MN,5522744
264,MS,21000,50000,7500,15,48000,25000,50,2016,Q1,13.8,1.6,0.0,3.2,0.3,14.5,76,MS,2987938
265,MS,85000,90000,3700,4,9000,61000,68,2016,Q2,12.3,2.3,1.2,2.7,1.2,0.1,76,MS,2987938
266,MS,19000,20000,3300,17,750,740,4,2016,Q3,27.5,3.5,1.6,1.8,5.0,4.7,76,MS,2987938
267,MS,17500,30000,2400,8,330,60,0,2016,Q4,21.9,6.0,0.1,0.0,2.1,2.8,76,MS,2987938
268,MO,10000,10000,1300,13,5500,420,4,2016,Q1,20.2,7.0,0.4,6.2,4.5,7.3,77,MO,6087135
269,MO,12000,12500,770,6,1800,730,6,2016,Q2,17.2,1.6,0.7,0.1,1.6,1.2,77,MO,6087135
270,MO,13500,13500,650,5,480,170,1,2016,Q3,13.3,7.7,1.0,0.1,3.1,0.7,77,MO,6087135
271,MO,9000,9000,590,7,1400,640,7,2016,Q4,16.1,12.6,0.2,0.0,1.5,0.7,77,MO,6087135
272,MT,16500,65000,900,1,24000,0,0,2016,Q1,0.6,0.0,0.0,0.5,0.1,0.0,78,MT,1040859
273,MT,62000,157000,7000,4,25000,13500,9,2016,Q2,30.3,7.1,4.5,3.9,6.9,0.2,78,MT,1040859
274,MT,147000,158000,11500,7,4100,6500,4,2016,Q3,41.9,8.8,7.0,6.9,6.1,1.4,78,MT,1040859
275,MT,124000,124000,16000,13,2700,0,0,2016,Q4,59.1,39.4,32.9,13.7,33.3,33.1,78,MT,1040859
276,NE,11000,20000,720,4,510,0,0,2016,Q1,1.8,0.4,0.1,0.2,0.8,0.6,79,NE,1905616
277,NE,19500,43000,6000,14,8000,28000,65,2016,Q2,6.1,0.1,1.0,3.8,1.1,3.5,79,NE,1905616
278,NE,45000,47000,8500,18,390,27000,57,2016,Q3,20.4,1.6,0.1,10.2,1.6,0.1,79,NE,1905616
279,NE,37000,37000,4300,12,190,0,0,2016,Q4,10.5,1.4,0.2,1.2,0.4,1.5,79,NE,1905616
280,NJ,6000,6000,1000,17,80,20,0,2016,Q1,8.0,1.1,0.2,0.6,1.7,12.0,82,NJ,8870827
281,NJ,4200,18000,1500,8,1900,110,1,2016,Q2,11.9,0.9,0.2,0.0,0.2,0.3,82,NJ,8870827
282,NJ,18000,18000,270,2,120,80,0,2016,Q3,20.2,7.1,1.2,8.5,1.3,0.3,82,NJ,8870827
283,NJ,12000,12000,340,3,400,0,0,2016,Q4,28.6,11.3,0.4,1.9,3.4,8.6,82,NJ,8870827
284,NM,6000,6500,1700,26,1400,30,1,2016,Q1,69.0,0.4,31.5,0.0,1.5,0.3,83,NM,2091630
285,NM,6500,6500,1400,22,2700,100,2,2016,Q2,59.1,0.3,12.1,2.5,8.2,0.0,83,NM,2091630
286,NM,6500,6500,1100,17,2000,1000,15,2016,Q3,59.5,55.4,55.2,24.1,1.7,0.7,83,NM,2091630
287,NM,7000,7000,1600,23,1100,20,0,2016,Q4,46.2,0.3,7.2,0.0,0.8,0.3,83,NM,2091630
288,NY,31000,33000,4200,13,970,600,2,2016,Q1,27.5,5.9,1.5,7.6,9.5,2.6,84,NY,19633428
289,NY,31000,46000,4000,9,13500,1500,3,2016,Q2,20.4,3.1,0.9,11.7,4.1,3.8,84,NY,19633428
290,NY,56000,56000,10000,18,1900,800,1,2016,Q3,37.4,9.0,5.5,5.2,24.7,2.6,84,NY,19633428
291,NY,48000,49000,9000,18,240,130,0,2016,Q4,27.8,2.2,3.6,12.5,2.2,2.1,84,NY,19633428
292,NC,18500,24000,2600,11,1100,230,1,2016,Q1,9.5,2.5,1.9,2.7,4.0,2.4,85,NC,10154788
293,NC,23000,24000,1600,7,10000,550,2,2016,Q2,51.8,23.5,4.7,33.8,8.3,41.7,85,NC,10154788
294,NC,25000,25000,1400,6,1400,1200,5,2016,Q3,27.8,13.4,0.1,2.9,13.4,3.0,85,NC,10154788
295,NC,25000,25000,5500,22,220,50,0,2016,Q4,24.0,7.7,1.8,0.0,12.5,1.3,85,NC,10154788
296,ND,89000,137000,8500,6,4600,0,0,2016,Q1,2.7,0.0,0.0,0.0,0.1,11.7,86,ND,754434
297,ND,110000,530000,27000,5,23000,95000,18,2016,Q2,16.2,3.7,2.1,1.1,3.6,0.2,86,ND,754434
298,ND,510000,550000,71000,13,25000,104000,19,2016,Q3,38.0,11.8,6.3,12.9,9.9,3.1,86,ND,754434
299,ND,385000,390000,44000,11,13500,2500,1,2016,Q4,23.5,7.9,1.5,0.4,2.6,2.2,86,ND,754434
300,OH,16500,16500,2900,18,760,50,0,2016,Q1,41.6,4.3,0.2,1.3,10.2,5.3,87,OH,11634370
301,OH,14000,16500,1700,10,6000,1100,7,2016,Q2,10.6,2.2,0.6,18.3,2.9,1.4,87,OH,11634370
302,OH,21000,21000,1600,8,980,630,3,2016,Q3,60.6,10.6,2.3,2.9,3.6,3.2,87,OH,11634370
303,OH,19500,19500,2100,11,20,140,1,2016,Q4,42.0,18.1,0.8,4.2,11.2,10.9,87,OH,11634370
304,OK,13500,13500,3300,24,4800,570,4,2016,Q1,4.9,1.2,0.0,0.3,0.9,21.0,88,OK,3926331
305,OK,12000,13000,310,2,4000,10000,77,2016,Q2,51.8,2.8,0.2,1.2,0.6,0.4,88,OK,3926331
306,OK,3700,3700,560,15,30,30,1,2016,Q3,7.5,6.5,0.3,0.7,1.4,21.8,88,OK,3926331
307,OK,3100,44000,2700,6,120,30,0,2016,Q4,4.9,0.5,0.0,0.1,0.1,0.7,88,OK,3926331
308,OR,68000,92000,2900,3,3800,1300,1,2016,Q1,20.4,15.0,5.3,0.0,2.4,0.3,89,OR,4089976
309,OR,77000,132000,4300,3,19000,16000,12,2016,Q2,52.7,14.5,9.9,2.6,16.7,6.0,89,OR,4089976
310,OR,107000,112000,7500,7,2900,4300,4,2016,Q3,52.9,18.5,12.5,9.6,5.1,1.5,89,OR,4089976
311,OR,98000,124000,9500,8,1500,1000,1,2016,Q4,25.5,2.8,13.0,2.8,2.6,1.3,89,OR,4089976
312,PA,12500,12500,2900,23,480,170,1,2016,Q1,44.8,4.3,0.3,3.8,5.5,4.6,90,PA,12782275
313,PA,11000,14000,1300,9,6500,1100,8,2016,Q2,18.7,3.9,2.4,3.6,4.6,0.9,90,PA,12782275
314,PA,19000,22000,1300,6,680,780,4,2016,Q3,27.3,7.7,1.6,4.3,2.8,1.2,90,PA,12782275
315,PA,21000,21000,3100,15,120,180,1,2016,Q4,18.7,2.6,1.0,2.8,4.9,3.1,90,PA,12782275
316,SC,16500,16500,3500,21,3200,380,2,2016,Q1,10.7,2.3,0.6,2.0,5.1,4.8,92,SC,4957968
317,SC,12500,13500,1300,10,2200,410,3,2016,Q2,51.3,36.6,1.0,35.8,14.3,1.3,92,SC,4957968
318,SC,13000,13500,920,7,990,50,0,2016,Q3,20.4,18.8,0.1,2.6,2.6,1.9,92,SC,4957968
319,SC,12000,17000,1300,8,760,370,2,2016,Q4,29.0,27.1,23.3,24.6,25.9,1.9,92,SC,4957968
320,SD,47000,79000,10500,13,1600,0,0,2016,Q1,0.2,0.0,0.0,0.0,0.5,0.3,93,SD,862996
321,SD,51000,182000,11000,6,15000,13000,7,2016,Q2,32.4,6.6,1.7,5.1,15.4,0.1,93,SD,862996
322,SD,178000,191000,25000,13,4200,9500,5,2016,Q3,48.8,19.5,14.2,22.7,4.6,2.8,93,SD,862996
323,SD,146000,146000,11000,8,0,2400,2,2016,Q4,48.9,5.3,0.3,6.0,1.0,0.3,93,SD,862996
324,TN,9000,9000,1700,19,180,70,1,2016,Q1,19.7,7.1,0.2,3.7,10.1,10.9,94,TN,6646010
325,TN,8000,8000,580,7,3900,200,3,2016,Q2,40.9,22.7,0.1,0.4,9.1,2.6,94,TN,6646010
326,TN,10000,10000,950,10,340,290,3,2016,Q3,22.5,23.1,1.3,2.4,6.2,2.0,94,TN,6646010
327,TN,9000,9000,840,9,120,10,0,2016,Q4,19.9,21.6,0.0,1.1,2.2,3.1,94,TN,6646010
328,TX,240000,320000,30000,9,126000,49000,15,2016,Q1,19.4,9.8,2.3,9.4,3.7,2.5,95,TX,27914410
329,TX,340000,350000,36000,10,74000,54000,15,2016,Q2,26.1,9.0,7.5,2.4,7.4,3.7,95,TX,27914410
330,TX,129000,143000,12000,8,12500,810,1,2016,Q3,47.2,11.4,1.7,31.4,3.7,4.1,95,TX,27914410
331,TX,136000,310000,39000,13,2200,650,0,2016,Q4,33.1,17.5,3.2,3.6,2.8,1.4,95,TX,27914410
332,UT,12000,14500,1900,13,1400,50,0,2016,Q1,26.2,7.0,0.1,0.4,1.6,0.5,96,UT,3041868
333,UT,14500,25000,4800,19,12000,7000,28,2016,Q2,23.0,0.1,1.8,7.3,3.4,0.8,96,UT,3041868
334,UT,27000,33000,3200,10,1200,120,0,2016,Q3,32.1,20.2,0.6,21.8,2.5,1.7,96,UT,3041868
335,UT,30000,30000,1600,5,440,50,0,2016,Q4,26.4,0.1,0.2,0.9,0.7,0.3,96,UT,3041868
336,VT,5500,5500,410,7,0,0,0,2016,Q1,1.3,0.0,0.3,0.0,0.5,1.7,97,VT,623657
337,VT,5000,6500,20,0,480,30,0,2016,Q2,2.6,0.1,0.1,0.0,0.3,0.1,97,VT,623657
338,VT,6500,6500,400,6,170,50,1,2016,Q3,5.6,8.0,1.7,0.0,2.4,0.8,97,VT,623657
339,VT,6500,6500,260,4,20,10,0,2016,Q4,44.5,41.3,41.2,41.0,0.4,0.0,97,VT,623657
340,VA,6500,6500,1100,17,560,70,1,2016,Q1,32.7,7.3,0.0,0.4,5.0,3.8,98,VA,8410106
341,VA,6000,6500,230,4,2200,480,7,2016,Q2,23.1,4.2,6.8,6.0,7.3,2.9,98,VA,8410106
342,VA,8000,8000,810,10,460,360,5,2016,Q3,39.1,24.1,1.1,2.3,5.3,3.6,98,VA,8410106
343,VA,7000,7000,730,10,230,10,0,2016,Q4,31.4,19.9,2.0,0.0,1.8,5.1,98,VA,8410106
344,WA,77000,146000,13500,9,5500,1200,1,2016,Q1,23.3,10.5,1.3,1.7,1.9,5.1,99,WA,7294771
345,WA,91000,143000,6000,4,21000,11500,8,2016,Q2,40.9,11.4,3.3,3.1,11.1,0.6,99,WA,7294771
346,WA,57000,74000,5000,7,7500,2000,3,2016,Q3,65.2,1.4,0.9,19.1,4.3,0.1,99,WA,7294771
347,WA,65000,97000,9000,9,3100,130,0,2016,Q4,21.4,4.6,3.7,9.1,4.5,0.3,99,WA,7294771
348,WV,6500,8000,1700,21,0,0,0,2016,Q1,21.9,2.9,1.1,0.6,6.9,6.5,100,WV,1831023
349,WV,7000,7000,990,14,2600,160,2,2016,Q2,20.1,0.8,4.2,0.0,14.7,0.7,100,WV,1831023
350,WV,7500,7500,190,3,130,220,3,2016,Q3,41.5,7.1,3.6,0.1,8.1,0.4,100,WV,1831023
351,WV,7500,7500,1000,13,80,60,1,2016,Q4,23.8,2.3,1.1,1.1,4.3,2.8,100,WV,1831023
352,WI,20000,21000,3100,15,530,0,0,2016,Q1,24.2,1.6,1.1,13.4,10.8,10.4,101,WI,5772628
353,WI,18500,78000,5500,7,17500,3600,5,2016,Q2,23.4,3.7,12.8,12.6,14.9,10.5,101,WI,5772628
354,WI,71000,75000,12000,16,880,640,1,2016,Q3,31.5,13.6,10.8,15.8,5.1,11.1,101,WI,5772628
355,WI,59000,59000,7500,13,10,20,0,2016,Q4,69.3,12.2,10.0,10.6,10.6,46.2,101,WI,5772628
356,WY,2700,6500,340,5,440,0,0,2016,Q1,0.0,0.4,0.2,2.5,0.8,1.3,102,WY,584215
357,WY,6500,27000,2600,10,7500,580,2,2016,Q2,7.1,2.6,1.2,0.6,2.5,0.8,102,WY,584215
358,WY,32000,40000,7000,18,1800,1000,3,2016,Q3,38.6,3.1,0.5,2.6,3.4,0.3,102,WY,584215
359,WY,25000,27000,2200,8,50,0,0,2016,Q4,32.2,1.6,3.1,5.2,1.1,0.0,102,WY,584215
360,AL,7000,7000,1600,23,570,740,11,2017,Q1,19.9,9.8,0.2,3.2,6.7,9.3,104,AL,4874486
361,AL,6500,6500,440,7,1200,500,8,2017,Q2,17.9,13.6,0.0,4.2,9.4,5.3,104,AL,4874486
362,AL,7000,9500,900,9,690,530,6,2017,Q3,69.5,22.1,0.0,35.4,7.5,3.9,104,AL,4874486
363,AL,7500,7500,990,13,550,500,7,2017,Q4,22.3,10.1,8.8,9.5,1.7,5.2,104,AL,4874486
364,AZ,31000,32000,6000,19,2900,0,0,2017,Q1,35.6,2.0,3.8,1.7,6.5,2.1,106,AZ,7044008
365,AZ,22000,22000,2600,12,12500,3000,14,2017,Q2,58.4,15.9,19.7,12.4,20.4,0.7,106,AZ,7044008
366,AZ,26000,26000,4100,16,5000,3200,12,2017,Q3,19.8,0.4,0.5,1.1,12.4,6.3,106,AZ,7044008
367,AZ,27000,30000,6500,22,1300,1100,4,2017,Q4,61.6,4.2,2.3,1.6,4.1,0.1,106,AZ,7044008
368,AR,18000,20000,3500,18,430,230,1,2017,Q1,31.5,14.6,0.1,0.5,3.0,1.0,107,AR,3001345
369,AR,17000,24000,1900,8,6000,1300,5,2017,Q2,19.4,9.6,1.9,3.9,2.7,2.5,107,AR,3001345
370,AR,29000,29000,6000,21,4400,410,1,2017,Q3,61.4,9.1,0.0,17.0,9.3,2.3,107,AR,3001345
371,AR,25000,25000,7500,30,2500,440,2,2017,Q4,37.5,29.2,26.6,31.0,24.1,0.4,107,AR,3001345
372,CA,1170000,1470000,195000,13,137000,93000,6,2017,Q1,37.7,12.6,7.5,9.2,6.6,6.3,108,CA,39358497
373,CA,980000,990000,90000,9,160000,220000,22,2017,Q2,38.0,7.7,3.1,13.0,4.8,3.4,108,CA,39358497
374,CA,590000,670000,67000,10,73000,74000,11,2017,Q3,42.3,15.8,5.6,13.4,10.1,3.6,108,CA,39358497
375,CA,680000,1200000,155000,13,90000,104000,9,2017,Q4,47.9,14.1,7.4,17.0,17.1,6.3,108,CA,39358497
376,CO,9500,21000,1100,5,100,0,0,2017,Q1,17.0,0.0,0.0,0.9,2.6,0.4,109,CO,5611885
377,CO,16500,31000,4500,15,8000,7500,24,2017,Q2,31.3,0.8,5.3,3.2,4.6,0.1,109,CO,5611885
378,CO,35000,42000,4300,10,2900,6410,15,2017,Q3,52.9,1.4,2.6,9.1,7.8,1.4,109,CO,5611885
379,CO,34000,34000,7000,21,1500,4000,12,2017,Q4,30.2,0.7,0.2,20.0,15.5,5.3,109,CO,5611885
380,CT,3100,3100,380,12,100,110,4,2017,Q1,51.5,1.5,0.0,0.0,6.1,5.6,110,CT,3573297
381,CT,3000,3000,140,5,2200,350,12,2017,Q2,9.1,0.2,0.0,0.5,1.9,0.7,110,CT,3573297
382,CT,3500,3500,130,4,50,20,1,2017,Q3,25.1,1.5,0.1,0.0,13.0,0.0,110,CT,3573297
383,CT,4000,4000,330,8,190,110,3,2017,Q4,36.4,2.8,0.0,0.6,1.6,1.6,110,CT,3573297
384,FL,260000,265000,30000,11,78000,34000,13,2017,Q1,37.6,14.8,1.5,14.2,6.2,17.9,113,FL,20963613
385,FL,245000,255000,35000,14,40000,50000,20,2017,Q2,36.5,14.4,6.1,9.0,6.5,18.9,113,FL,20963613
386,FL,176000,180000,39000,22,39000,42000,23,2017,Q3,42.9,13.2,3.7,6.3,11.4,21.5,113,FL,20963613
387,FL,180000,240000,50000,21,55000,36000,15,2017,Q4,41.4,16.8,7.5,10.4,7.6,26.2,113,FL,20963613
388,GA,123000,125000,14000,11,25000,21000,17,2017,Q1,35.3,7.0,0.2,2.6,4.4,1.8,114,GA,10410330
389,GA,130000,137000,12500,9,21000,31000,23,2017,Q2,34.1,5.8,1.0,6.6,6.5,2.8,114,GA,10410330
390,GA,121000,122000,15500,13,19000,23000,19,2017,Q3,47.6,18.0,2.3,14.1,15.1,6.9,114,GA,10410330
391,GA,125000,145000,21000,14,4300,2200,2,2017,Q4,56.8,15.1,12.3,15.3,3.6,4.6,114,GA,10410330
392,HI,13000,13000,190,1,510,50,0,2017,Q1,1.2,2.1,0.2,0.0,0.1,0.1,115,HI,1424393
393,HI,12000,12000,70,1,3000,920,8,2017,Q2,88.9,3.7,0.0,0.0,0.4,0.0,115,HI,1424393
394,HI,15000,15000,1100,7,430,20,0,2017,Q3,2.8,4.3,0.3,0.0,2.0,0.0,115,HI,1424393
395,HI,15000,15000,130,1,970,290,2,2017,Q4,57.2,66.1,0.1,0.0,0.1,0.0,115,HI,1424393
396,ID,95000,99000,8500,9,2000,280,0,2017,Q1,74.2,42.3,42.3,21.2,1.7,0.4,116,ID,1717715
397,ID,61000,78000,10500,13,22000,31000,40,2017,Q2,30.5,6.4,4.0,8.3,7.8,4.8,116,ID,1717715
398,ID,89000,116000,12000,10,9000,16500,14,2017,Q3,53.7,19.1,6.7,15.5,9.5,5.1,116,ID,1717715
399,ID,113000,164000,9000,5,10000,5000,3,2017,Q4,34.0,16.9,17.7,14.9,1.7,0.2,116,ID,1717715
400,IL,11000,11000,2900,26,3100,150,1,2017,Q1,21.2,13.1,0.5,3.7,9.9,8.0,117,IL,12778828
401,IL,11500,12000,1200,10,3600,1600,13,2017,Q2,11.3,4.3,0.7,3.0,5.6,1.5,117,IL,12778828
402,IL,13000,13000,1100,8,710,1200,9,2017,Q3,29.9,14.2,2.8,2.8,4.6,3.3,117,IL,12778828
403,IL,13500,13500,1800,13,140,460,3,2017,Q4,28.9,10.2,0.8,7.9,4.9,4.9,117,IL,12778828
404,IN,7000,7500,1900,25,1700,70,1,2017,Q1,15.8,8.0,5.2,4.1,10.4,7.1,118,IN,6658078
405,IN,7500,11000,1200,11,3000,510,5,2017,Q2,5.5,2.1,0.1,43.3,8.6,1.2,118,IN,6658078
406,IN,13000,13000,930,7,420,740,6,2017,Q3,13.9,5.9,0.4,3.9,3.8,2.0,118,IN,6658078
407,IN,11500,11500,1700,15,320,100,1,2017,Q4,23.5,5.6,1.7,0.7,3.9,8.0,118,IN,6658078
408,IA,10000,15500,3000,19,70,0,0,2017,Q1,33.6,8.3,8.4,12.0,11.9,11.7,119,IA,3141550
409,IA,12000,23000,2400,10,23000,3900,17,2017,Q2,39.3,27.6,7.5,26.6,8.1,0.9,119,IA,3141550
410,IA,40000,43000,2200,5,2100,4000,9,2017,Q3,17.2,7.2,2.4,3.9,4.0,2.2,119,IA,3141550
411,IA,45000,45000,6500,14,250,3400,8,2017,Q4,61.0,25.5,12.3,32.6,17.9,5.5,119,IA,3141550
412,KS,3800,3800,1000,26,930,380,10,2017,Q1,47.2,3.0,0.0,3.6,16.4,14.3,120,KS,2908718
413,KS,3800,6000,390,7,2500,870,15,2017,Q2,17.3,8.5,0.7,22.6,1.7,6.4,120,KS,2908718
414,KS,7000,7000,1700,24,1400,1000,14,2017,Q3,65.4,52.6,14.8,20.3,1.1,7.4,120,KS,2908718
415,KS,6500,6500,830,13,140,40,1,2017,Q4,17.9,7.7,3.3,8.6,0.6,10.2,120,KS,2908718
416,KY,6500,7000,1300,19,950,430,6,2017,Q1,31.9,11.5,0.4,3.8,16.0,7.5,121,KY,4452268
417,KY,7000,7500,900,12,3100,590,8,2017,Q2,25.7,11.6,1.0,4.5,4.3,4.9,121,KY,4452268
418,KY,9000,9000,1600,18,450,700,8,2017,Q3,46.4,39.2,4.6,0.6,10.3,6.2,121,KY,4452268
419,KY,7500,7500,870,12,50,120,2,2017,Q4,54.3,24.4,0.5,6.5,5.6,19.1,121,KY,4452268
420,LA,44000,47000,2700,6,11000,1900,4,2017,Q1,25.8,9.6,0.1,1.8,4.3,1.8,122,LA,4670560
421,LA,56000,62000,2600,4,4100,8000,13,2017,Q2,23.2,3.1,0.0,1.6,1.5,0.7,122,LA,4670560
422,LA,64000,64000,13500,21,14500,34000,53,2017,Q3,59.2,74.5,0.3,1.6,4.0,14.9,122,LA,4670560
423,LA,58000,60000,2700,5,390,1900,3,2017,Q4,31.5,26.6,0.3,0.6,2.1,10.4,122,LA,4670560
424,ME,2700,3100,1000,32,100,0,0,2017,Q1,23.9,20.9,30.5,8.1,26.3,0.0,123,ME,1334612
425,ME,2200,33000,910,3,1100,1400,4,2017,Q2,4.4,4.3,4.1,4.3,2.0,14.8,123,ME,1334612
426,ME,5500,6000,400,7,210,290,5,2017,Q3,3.4,0.9,0.9,3.9,1.2,0.1,123,ME,1334612
427,ME,5500,6000,60,1,220,110,2,2017,Q4,24.9,6.2,0.4,0.0,0.6,0.0,123,ME,1334612
428,MD,9000,9000,2100,23,770,260,3,2017,Q1,11.3,3.3,1.0,1.0,11.9,4.3,124,MD,6023868
429,MD,8000,9500,190,2,3400,930,10,2017,Q2,3.3,6.9,0.8,0.3,2.1,1.1,124,MD,6023868
430,MD,8500,8500,1600,19,1300,600,7,2017,Q3,8.8,10.1,0.7,1.6,5.1,9.1,124,MD,6023868
431,MD,8000,10500,1300,12,20,410,4,2017,Q4,7.9,3.1,0.2,1.1,1.8,7.8,124,MD,6023868
432,MA,3300,3300,1500,45,120,110,3,2017,Q1,32.5,5.6,3.0,4.5,10.5,5.6,125,MA,6859789
433,MA,2500,8000,140,2,1400,490,6,2017,Q2,14.8,12.5,12.9,11.0,0.4,1.6,125,MA,6859789
434,MA,9000,9000,760,8,790,460,5,2017,Q3,82.0,0.9,0.7,2.3,0.8,0.1,125,MA,6859789
435,MA,6000,6000,1100,18,120,550,9,2017,Q4,13.2,1.2,6.7,2.7,1.5,0.3,125,MA,6859789
436,MI,29000,59000,5000,8,600,130,0,2017,Q1,7.9,0.3,0.0,1.9,1.1,3.9,126,MI,9973114
437,MI,55000,100000,7500,8,20000,13500,14,2017,Q2,19.1,7.2,0.2,2.1,0.9,0.5,126,MI,9973114
438,MI,103000,109000,17500,16,4300,11500,11,2017,Q3,56.8,11.9,8.6,13.7,15.0,2.9,126,MI,9973114
439,MI,88000,88000,11500,13,990,1900,2,2017,Q4,53.8,13.6,5.3,23.6,1.5,2.0,126,MI,9973114
440,MN,27000,41000,3500,9,3300,0,0,2017,Q1,2.1,0.4,0.1,0.9,9.0,5.8,127,MN,5566230
441,MN,32000,128000,12000,9,19000,8500,7,2017,Q2,20.5,4.7,2.3,12.8,6.6,2.2,127,MN,5566230
442,MN,136000,136000,20000,15,1900,2200,2,2017,Q3,39.8,4.7,1.8,9.4,11.6,2.3,127,MN,5566230
443,MN,98000,98000,7000,7,1900,450,0,2017,Q4,62.9,4.0,4.2,39.8,7.2,3.1,127,MN,5566230
444,MS,31000,68000,2600,4,23000,7000,10,2017,Q1,41.7,35.3,0.0,0.1,0.5,1.4,128,MS,2988510
445,MS,89000,89000,3800,4,5500,26000,29,2017,Q2,14.0,0.9,0.0,1.7,3.7,0.8,128,MS,2988510
446,MS,24000,24000,2900,12,250,230,1,2017,Q3,71.1,4.8,0.7,0.2,18.1,0.7,128,MS,2988510
447,MS,14000,22000,3400,15,280,830,4,2017,Q4,19.3,6.1,1.4,1.5,1.5,4.1,128,MS,2988510
448,MO,7000,7500,1200,16,400,10,0,2017,Q1,16.6,15.4,0.5,2.7,5.4,5.2,129,MO,6106670
449,MO,6500,7000,270,4,1800,1000,14,2017,Q2,13.4,8.9,3.0,1.0,5.1,1.9,129,MO,6106670
450,MO,9000,9000,580,6,320,310,3,2017,Q3,77.7,36.0,2.8,34.0,1.6,35.0,129,MO,6106670
451,MO,9500,9500,820,9,100,230,2,2017,Q4,16.7,14.2,1.0,0.1,4.2,1.6,129,MO,6106670
452,MT,18500,46000,470,1,3100,6000,13,2017,Q1,34.0,15.1,0.0,2.5,6.0,0.1,130,MT,1052482
453,MT,47000,135000,3700,3,18000,18000,13,2017,Q2,20.0,4.0,4.2,3.5,4.4,0.6,130,MT,1052482
454,MT,154000,161000,18500,11,3100,23000,14,2017,Q3,42.3,6.7,6.9,2.2,19.1,2.0,130,MT,1052482
455,MT,115000,121000,13000,11,5500,2900,2,2017,Q4,54.2,4.1,3.1,5.9,5.3,4.1,130,MT,1052482
456,NE,7500,13000,750,6,120,0,0,2017,Q1,14.8,0.3,0.4,0.0,2.1,1.2,131,NE,1915947
457,NE,7500,43000,1500,3,7000,27000,63,2017,Q2,50.1,38.4,1.0,37.6,16.0,0.8,131,NE,1915947
458,NE,46000,47000,3700,8,880,13500,29,2017,Q3,15.1,6.6,0.4,7.1,9.2,0.2,131,NE,1915947
459,NE,42000,42000,7500,18,80,50,0,2017,Q4,26.6,3.3,4.1,2.1,4.3,11.5,131,NE,1915947
460,NJ,6000,6000,490,8,10,0,0,2017,Q1,16.3,0.7,0.3,0.1,0.8,0.6,134,NJ,8885525
461,NJ,5500,21000,430,2,1900,660,3,2017,Q2,21.4,5.6,2.3,1.9,0.3,0.8,134,NJ,8885525
462,NJ,16000,16000,420,3,280,110,1,2017,Q3,10.7,2.9,0.0,0.8,0.4,1.9,134,NJ,8885525
463,NJ,15500,15500,1200,8,330,270,2,2017,Q4,18.9,6.8,4.4,4.4,3.3,0.0,134,NJ,8885525
464,NM,5500,5500,2100,38,3600,0,0,2017,Q1,93.9,0.0,87.4,0.0,2.0,0.0,135,NM,2091784
465,NM,7000,7500,1800,24,3300,3900,52,2017,Q2,88.4,0.6,72.9,0.0,35.6,0.6,135,NM,2091784
466,NM,8500,8500,2500,29,1800,200,2,2017,Q3,74.3,3.3,17.8,13.6,3.1,0.3,135,NM,2091784
467,NM,8000,8000,1900,24,1700,0,0,2017,Q4,86.1,0.3,0.0,10.3,10.0,1.0,135,NM,2091784
468,NY,32000,33000,6000,18,520,0,0,2017,Q1,20.4,9.4,9.8,4.4,13.2,10.8,136,NY,19589572
469,NY,25000,43000,1300,3,16500,7500,17,2017,Q2,22.2,2.1,2.1,2.0,8.9,0.1,136,NY,19589572
470,NY,59000,59000,6500,11,3100,9000,15,2017,Q3,45.1,19.8,6.2,9.4,13.6,1.8,136,NY,19589572
471,NY,51000,51000,3900,8,820,460,1,2017,Q4,22.3,12.7,8.0,5.4,0.4,2.6,136,NY,19589572
472,NC,16000,23000,2500,11,3700,1200,5,2017,Q1,34.7,17.4,0.2,1.5,7.2,3.9,137,NC,10268233
473,NC,24000,25000,3000,12,5000,2700,11,2017,Q2,23.4,5.5,2.3,0.8,5.1,1.5,137,NC,10268233
474,NC,26000,27000,3300,12,4100,2900,11,2017,Q3,74.5,36.1,3.3,20.3,7.6,1.8,137,NC,10268233
475,NC,23000,23000,5000,22,60,290,1,2017,Q4,64.2,16.3,3.9,1.5,11.7,6.7,137,NC,10268233
476,ND,50000,123000,640,1,1100,10,0,2017,Q1,0.8,0.0,0.0,0.0,0.2,0.2,138,ND,754942
477,ND,115000,450000,16000,4,31000,41000,9,2017,Q2,29.3,4.0,3.2,5.3,3.2,1.0,138,ND,754942
478,ND,470000,490000,48000,10,24000,100000,20,2017,Q3,42.0,11.9,3.4,8.1,8.1,1.9,138,ND,754942
479,ND,410000,410000,26000,6,10000,2900,1,2017,Q4,41.7,16.5,0.2,0.5,0.9,0.3,138,ND,754942
480,OH,15500,17500,4400,25,1300,530,3,2017,Q1,25.8,11.6,0.6,0.1,5.2,16.5,139,OH,11659650
481,OH,13500,15000,1100,7,7000,2500,17,2017,Q2,45.5,6.4,6.2,10.4,16.6,3.0,139,OH,11659650
482,OH,23000,23000,1800,8,1100,1800,8,2017,Q3,51.5,19.1,4.7,6.7,11.7,7.0,139,OH,11659650
483,OH,18500,18500,2800,15,510,960,5,2017,Q4,45.3,23.3,7.1,6.4,8.4,2.9,139,OH,11659650
484,OK,26000,26000,550,2,9500,1700,7,2017,Q1,11.9,1.0,0.0,0.1,0.5,0.3,140,OK,3931316
485,OK,17000,17000,200,1,4700,1200,7,2017,Q2,23.6,2.3,11.2,0.5,7.7,0.3,140,OK,3931316
486,OK,4400,4400,510,12,80,270,6,2017,Q3,22.0,23.0,10.0,3.8,4.7,2.0,140,OK,3931316
487,OK,3700,46000,100,0,40,0,0,2017,Q4,1.0,0.5,0.0,0.0,0.0,0.2,140,OK,3931316
488,OR,71000,90000,8000,9,7500,1400,2,2017,Q1,28.7,8.5,10.1,9.1,15.4,8.5,141,OR,4143625
489,OR,71000,92000,5000,5,15500,22000,24,2017,Q2,37.2,10.6,8.8,3.5,15.8,11.3,141,OR,4143625
490,OR,94000,101000,13500,13,7500,28000,28,2017,Q3,54.4,10.6,11.3,13.2,6.4,1.8,141,OR,4143625
491,OR,94000,94000,10000,11,70,18500,20,2017,Q4,50.6,23.3,28.0,14.2,3.9,1.8,141,OR,4143625
492,PA,17000,18000,4000,22,810,390,2,2017,Q1,20.9,2.4,0.8,2.9,3.6,7.2,142,PA,12787641
493,PA,15500,17500,540,3,7500,2300,13,2017,Q2,13.5,1.0,0.7,1.5,2.4,1.5,142,PA,12787641
494,PA,18500,18500,1500,8,6000,1600,9,2017,Q3,41.4,5.7,2.7,3.7,2.2,0.9,142,PA,12787641
495,PA,24000,24000,5500,23,2500,1100,5,2017,Q4,44.7,5.4,1.0,6.9,2.9,2.3,142,PA,12787641
496,SC,17000,17500,1600,9,4700,970,6,2017,Q1,12.6,5.3,0.4,1.1,2.7,1.8,144,SC,5021268
497,SC,20000,20000,870,4,3000,3700,19,2017,Q2,24.3,21.7,15.1,18.5,4.1,0.4,144,SC,5021268
498,SC,14500,14500,1700,12,640,440,3,2017,Q3,26.4,11.8,0.2,3.0,5.2,0.8,144,SC,5021268
499,SC,12500,15000,2000,13,1300,750,5,2017,Q4,31.6,19.4,14.6,0.2,1.9,1.9,144,SC,5021268
500,SD,21000,48000,2700,6,1500,440,1,2017,Q1,2.9,0.0,0.0,0.0,0.2,0.3,145,SD,872868
501,SD,30000,168000,13000,8,10000,23000,14,2017,Q2,8.7,1.4,1.0,6.4,5.0,3.6,145,SD,872868
502,SD,152000,159000,16500,10,6000,7500,5,2017,Q3,47.4,13.4,5.0,10.1,27.0,2.5,145,SD,872868
503,SD,111000,111000,6500,6,0,0,0,2017,Q4,17.3,0.1,4.1,4.4,7.5,2.7,145,SD,872868
504,TN,8500,8500,1600,19,1500,160,2,2017,Q1,28.6,12.6,0.9,2.4,8.1,7.0,146,TN,6708799
505,TN,8500,9000,1300,14,2600,1500,17,2017,Q2,53.4,25.5,1.0,3.1,10.6,3.9,146,TN,6708799
506,TN,10000,10000,1700,17,800,960,10,2017,Q3,42.8,22.1,2.1,6.0,5.3,6.9,146,TN,6708799
507,TN,8500,10500,1300,12,230,320,3,2017,Q4,22.8,18.9,0.2,2.0,7.5,15.3,146,TN,6708799
508,TX,275000,340000,49000,14,130000,68000,20,2017,Q1,36.2,22.5,2.0,5.1,3.5,3.6,147,TX,28295273
509,TX,345000,350000,28000,8,43000,148000,42,2017,Q2,28.7,16.8,1.5,12.4,2.8,1.4,147,TX,28295273
510,TX,104000,115000,15000,13,21000,7500,7,2017,Q3,33.7,23.0,0.1,24.0,18.3,1.5,147,TX,28295273
511,TX,127000,285000,20000,7,3200,1900,1,2017,Q4,33.9,21.4,7.1,2.9,3.8,5.2,147,TX,28295273
512,UT,16000,19000,2700,14,3900,60,0,2017,Q1,38.7,0.0,0.1,0.0,2.0,0.3,148,UT,3101042
513,UT,21000,31000,2700,9,12500,10000,32,2017,Q2,36.7,1.3,0.3,0.1,12.6,0.0,148,UT,3101042
514,UT,35000,35000,6500,19,5500,3200,9,2017,Q3,40.5,0.1,0.5,16.7,15.9,9.1,148,UT,3101042
515,UT,29000,29000,2000,7,480,70,0,2017,Q4,24.3,8.9,11.0,9.2,9.4,19.8,148,UT,3101042
516,VT,6500,6500,440,7,0,0,0,2017,Q1,6.0,0.7,2.1,0.2,0.9,2.2,149,VT,624344
517,VT,6000,8000,170,2,390,190,2,2017,Q2,3.3,0.3,0.3,0.0,0.2,0.5,149,VT,624344
518,VT,7500,7500,180,2,520,270,4,2017,Q3,16.8,9.0,4.7,0.0,7.0,0.7,149,VT,624344
519,VT,6500,6500,470,7,10,10,0,2017,Q4,96.6,44.5,22.1,55.2,5.7,1.8,149,VT,624344
520,VA,8000,8000,1400,18,1900,280,4,2017,Q1,21.4,12.8,2.8,3.2,7.4,8.4,150,VA,8463587
521,VA,8500,9500,1000,11,3100,1100,12,2017,Q2,18.7,18.0,0.9,5.0,1.8,4.8,150,VA,8463587
522,VA,11500,11500,1200,10,430,430,4,2017,Q3,50.3,26.5,1.5,0.5,4.4,1.6,150,VA,8463587
523,VA,9500,9500,1100,12,300,210,2,2017,Q4,20.9,20.6,1.3,7.5,6.9,3.9,150,VA,8463587
524,WA,68000,104000,9000,9,8500,0,0,2017,Q1,6.8,0.1,0.0,0.0,8.0,4.4,151,WA,7423362
525,WA,75000,111000,7000,6,30000,20000,18,2017,Q2,21.3,5.0,4.2,7.5,3.6,0.4,151,WA,7423362
526,WA,82000,92000,17000,18,5500,10500,11,2017,Q3,23.7,2.7,2.0,1.2,0.7,2.4,151,WA,7423362
527,WA,66000,72000,4000,6,2900,14000,19,2017,Q4,21.7,6.0,0.0,0.3,0.4,0.2,151,WA,7423362
528,WV,5500,8000,800,10,450,100,1,2017,Q1,15.8,1.0,0.2,0.0,11.9,1.3,152,WV,1817004
529,WV,7500,7500,370,5,4100,2500,33,2017,Q2,11.6,1.6,1.8,0.4,3.7,1.6,152,WV,1817004
530,WV,9000,9000,930,10,440,1900,21,2017,Q3,23.2,6.2,1.4,0.6,9.5,3.8,152,WV,1817004
531,WV,8500,8500,1200,14,70,1600,19,2017,Q4,60.1,5.3,2.4,0.1,7.8,3.6,152,WV,1817004
532,WI,17000,22000,4400,20,450,70,0,2017,Q1,19.0,1.9,1.1,2.0,4.0,10.5,153,WI,5790186
533,WI,18000,65000,4000,6,13000,6500,10,2017,Q2,13.8,1.7,1.7,2.2,3.2,0.3,153,WI,5790186
534,WI,74000,75000,12500,17,6000,9000,12,2017,Q3,61.6,21.0,18.5,21.8,13.0,12.1,153,WI,5790186
535,WI,51000,55000,8500,15,530,3000,5,2017,Q4,53.1,36.9,33.1,22.8,15.3,15.2,153,WI,5790186
536,WY,6500,17000,3600,21,1300,0,0,2017,Q1,0.2,0.0,0.2,0.0,0.6,0.0,154,WY,578931
537,WY,15000,30000,1300,4,6000,3500,12,2017,Q2,34.1,3.5,12.6,2.8,5.7,1.9,154,WY,578931
538,WY,35000,36000,5500,15,3100,3500,10,2017,Q3,21.8,1.6,9.3,4.4,5.6,5.2,154,WY,578931
539,WY,28000,29000,3500,12,2500,320,1,2017,Q4,38.0,2.4,8.4,5.9,8.1,0.6,154,WY,578931
540,AL,7500,7500,820,11,1200,1500,20,2018,Q1,29.2,30.2,1.9,14.9,8.6,4.5,156,AL,4887681
541,AL,7000,8500,650,8,1700,710,8,2018,Q2,25.2,27.3,1.3,14.4,9.4,2.1,156,AL,4887681
542,AL,8500,8500,1700,20,1600,1300,15,2018,Q3,77.5,69.4,0.7,14.6,7.8,6.8,156,AL,4887681
543,AL,6500,6500,830,13,210,1300,20,2018,Q4,20.6,20.5,1.3,1.5,3.4,7.5,156,AL,4887681
544,AZ,25000,26000,6000,23,810,230,1,2018,Q1,36.3,4.3,4.6,15.3,7.9,4.2,158,AZ,7158024
545,AZ,19000,19500,2600,13,14000,2100,11,2018,Q2,73.8,7.2,32.8,0.8,14.3,4.1,158,AZ,7158024
546,AZ,31000,31000,8000,26,3200,3100,10,2018,Q3,52.5,2.3,4.5,3.8,15.0,27.6,158,AZ,7158024
547,AZ,26000,27000,5000,19,2200,330,1,2018,Q4,20.6,8.3,3.1,0.0,7.1,3.0,158,AZ,7158024
548,AR,22000,22000,7500,34,540,810,4,2018,Q1,21.1,9.6,1.0,23.0,4.6,13.9,159,AR,3009733
549,AR,14500,16000,2000,13,13000,1900,12,2018,Q2,30.9,12.8,0.7,2.2,17.0,13.2,159,AR,3009733
550,AR,29000,29000,2300,8,2600,840,3,2018,Q3,29.9,7.8,0.1,17.6,0.5,0.6,159,AR,3009733
551,AR,30000,31000,6000,19,110,230,1,2018,Q4,82.8,7.1,0.0,73.5,5.3,2.2,159,AR,3009733
552,CA,1150000,1540000,215000,14,205000,133000,9,2018,Q1,41.3,11.3,4.8,11.5,8.0,4.9,160,CA,39461588
553,CA,1130000,1200000,110000,9,172000,255000,21,2018,Q2,41.5,10.2,11.1,13.7,9.0,5.0,160,CA,39461588
554,CA,590000,700000,73000,10,63000,141000,20,2018,Q3,57.3,6.6,4.5,17.8,12.0,3.6,160,CA,39461588
555,CA,680000,1200000,170000,14,86000,46000,4,2018,Q4,44.1,16.6,9.8,11.6,9.3,7.1,160,CA,39461588
556,CO,13000,21000,4900,23,1400,190,1,2018,Q1,31.7,0.8,3.8,0.5,13.7,2.4,161,CO,5691287
557,CO,16500,27000,3000,11,12500,4700,17,2018,Q2,41.7,0.0,12.7,3.6,4.2,0.5,161,CO,5691287
558,CO,34000,35000,5000,14,1500,5000,14,2018,Q3,72.6,16.6,5.6,2.9,8.5,4.5,161,CO,5691287
559,CO,30000,30000,3500,12,370,10,0,2018,Q4,73.2,5.9,1.0,0.0,6.1,1.2,161,CO,5691287
560,CT,2900,2900,140,5,220,330,11,2018,Q1,14.5,0.7,0.0,0.8,7.7,3.5,162,CT,3571520
561,CT,3600,3600,120,3,340,170,5,2018,Q2,11.1,0.9,0.4,0.8,0.8,0.4,162,CT,3571520
562,CT,3200,3200,130,4,80,310,10,2018,Q3,13.0,0.0,0.0,1.4,2.5,1.2,162,CT,3571520
563,CT,3500,3500,220,6,0,60,2,2018,Q4,12.5,3.6,2.3,0.9,4.2,2.3,162,CT,3571520
564,FL,245000,255000,39000,15,57000,38000,15,2018,Q1,31.7,15.3,4.5,9.2,5.5,16.0,165,FL,21244317
565,FL,250000,275000,56000,20,49000,68000,25,2018,Q2,45.3,27.5,9.6,15.5,10.1,21.1,165,FL,21244317
566,FL,197000,220000,30000,14,53000,40000,18,2018,Q3,35.0,20.5,4.2,7.6,14.3,9.8,165,FL,21244317
567,FL,240000,290000,43000,15,53000,20000,7,2018,Q4,46.7,22.4,9.0,14.1,8.0,6.7,165,FL,21244317
568,GA,134000,139000,25000,18,29000,39000,28,2018,Q1,39.6,18.7,0.9,14.8,27.1,2.1,166,GA,10511131
569,GA,131000,137000,18000,13,35000,16000,12,2018,Q2,53.0,25.9,13.8,14.8,31.4,10.1,166,GA,10511131
570,GA,134000,138000,17000,12,27000,33000,24,2018,Q3,49.8,20.4,2.4,27.7,6.0,7.2,166,GA,10511131
571,GA,148000,164000,19500,12,6500,49000,30,2018,Q4,41.4,17.4,9.2,6.9,5.6,7.8,166,GA,10511131
572,HI,17000,17000,1600,9,1200,5000,29,2018,Q1,83.0,84.5,0.1,0.0,0.1,0.0,167,HI,1420593
573,HI,16500,16500,380,2,330,3100,19,2018,Q2,88.3,91.9,0.4,0.0,0.8,0.2,167,HI,1420593
574,HI,16500,16500,1800,11,1700,3000,18,2018,Q3,88.3,89.4,0.1,0.1,0.1,0.0,167,HI,1420593
575,HI,16000,16000,940,6,1700,6000,38,2018,Q4,70.5,83.3,0.0,0.0,0.1,0.0,167,HI,1420593
576,ID,164000,168000,22000,13,2500,2600,2,2018,Q1,28.3,5.7,0.8,3.4,3.4,0.4,168,ID,1750536
577,ID,59000,94000,6500,7,14500,29000,31,2018,Q2,51.6,3.7,3.0,18.5,4.1,4.4,168,ID,1750536
578,ID,82000,101000,14000,14,15000,21000,21,2018,Q3,83.6,5.4,14.6,26.5,13.8,5.7,168,ID,1750536
579,ID,99000,159000,15000,9,9000,910,1,2018,Q4,64.9,47.4,9.6,15.9,7.0,4.5,168,ID,1750536
580,IL,10500,10500,2400,23,1000,630,6,2018,Q1,25.7,11.2,3.6,3.5,10.4,10.9,169,IL,12723071
581,IL,10000,10500,2300,22,5000,2900,28,2018,Q2,13.7,7.8,6.7,6.6,9.9,2.4,169,IL,12723071
582,IL,11000,11000,660,6,700,420,4,2018,Q3,21.2,10.6,2.1,5.1,1.5,7.0,169,IL,12723071
583,IL,12000,12000,1400,12,600,350,3,2018,Q4,27.2,13.1,2.4,2.8,6.9,5.7,169,IL,12723071
584,IN,7000,8000,1000,13,300,30,0,2018,Q1,33.4,8.3,3.0,0.5,9.9,3.7,170,IN,6695497
585,IN,8000,9500,1800,19,4000,730,8,2018,Q2,78.0,3.5,0.4,4.5,1.3,1.1,170,IN,6695497
586,IN,11500,11500,990,9,520,1200,10,2018,Q3,29.5,12.2,1.4,20.6,5.0,0.5,170,IN,6695497
587,IN,9000,9000,3300,37,40,1200,13,2018,Q4,51.3,21.3,23.8,64.6,35.4,2.3,170,IN,6695497
588,IA,41000,44000,2100,5,270,110,0,2018,Q1,5.3,1.1,0.3,0.6,0.6,1.4,171,IA,3148618
589,IA,45000,47000,4300,9,15500,4800,10,2018,Q2,12.7,9.3,0.9,7.9,8.4,0.3,171,IA,3148618
590,IA,56000,57000,3600,6,1200,990,2,2018,Q3,29.9,9.8,8.5,0.4,1.9,0.4,171,IA,3148618
591,IA,21000,21000,4200,20,630,80,0,2018,Q4,55.1,27.2,8.9,31.6,29.4,5.6,171,IA,3148618
592,KS,3700,3700,950,26,370,410,11,2018,Q1,63.0,20.3,1.0,4.3,27.9,9.1,172,KS,2911359
593,KS,3900,3900,300,8,3500,2100,54,2018,Q2,42.8,31.6,1.3,24.9,2.1,1.6,172,KS,2911359
594,KS,6000,6000,950,16,300,180,3,2018,Q3,76.8,51.1,6.6,8.0,23.7,7.9,172,KS,2911359
595,KS,5500,5500,1000,18,420,10,0,2018,Q4,62.0,31.3,26.0,43.7,1.6,26.4,172,KS,2911359
596,KY,5500,5500,1200,22,760,20,0,2018,Q1,43.0,29.6,0.9,11.0,8.0,5.9,173,KY,4461153
597,KY,5500,6000,910,15,1500,560,9,2018,Q2,40.9,20.2,0.6,1.0,4.1,5.9,173,KY,4461153
598,KY,6500,7000,840,12,300,660,9,2018,Q3,47.1,26.5,1.6,1.5,4.5,7.6,173,KY,4461153
599,KY,7000,7000,2000,29,60,430,6,2018,Q4,57.1,41.9,1.2,6.8,5.5,4.3,173,KY,4461153
600,LA,50000,52000,3600,7,4100,320,1,2018,Q1,4.9,0.7,0.2,0.7,4.5,1.6,174,LA,4659690
601,LA,48000,48000,1400,3,4900,4000,8,2018,Q2,8.1,5.9,0.2,0.8,1.2,1.3,174,LA,4659690
602,LA,53000,53000,1900,4,1600,2300,4,2018,Q3,31.3,29.9,0.2,1.7,1.0,1.6,174,LA,4659690
603,LA,50000,52000,2600,5,130,200,0,2018,Q4,16.6,6.7,0.3,5.9,1.0,1.7,174,LA,4659690
604,ME,1900,1900,410,22,20,30,2,2018,Q1,23.6,0.6,0.2,0.0,5.2,7.4,175,ME,1339057
605,ME,2200,23000,3100,13,430,790,3,2018,Q2,1.4,0.8,0.2,1.3,0.5,0.0,175,ME,1339057
606,ME,12500,12500,890,7,60,170,1,2018,Q3,37.0,1.0,1.1,0.0,3.5,0.5,175,ME,1339057
607,ME,12000,12000,1400,12,210,880,7,2018,Q4,9.3,5.1,0.0,0.0,1.2,0.1,175,ME,1339057
608,MD,8000,8000,1600,20,400,190,2,2018,Q1,18.2,5.6,4.4,1.5,14.3,3.1,176,MD,6035802
609,MD,7000,8000,370,5,2400,1200,15,2018,Q2,11.8,3.4,0.8,0.3,4.4,0.4,176,MD,6035802
610,MD,7500,7500,360,5,580,680,9,2018,Q3,11.7,6.0,0.3,0.6,1.1,3.8,176,MD,6035802
611,MD,7000,9000,690,8,60,90,1,2018,Q4,16.6,5.3,0.3,1.2,4.9,1.7,176,MD,6035802
612,MA,3700,3700,1000,27,240,290,8,2018,Q1,19.6,1.1,0.8,0.8,9.6,7.4,177,MA,6882635
613,MA,3500,8000,260,3,910,350,4,2018,Q2,6.3,1.1,1.0,1.4,2.0,2.1,177,MA,6882635
614,MA,8000,10000,2200,22,850,730,7,2018,Q3,75.9,11.2,10.7,10.1,1.1,10.3,177,MA,6882635
615,MA,4900,4900,650,13,110,320,7,2018,Q4,33.2,9.2,8.1,9.4,3.4,5.3,177,MA,6882635
616,MI,16500,37000,7000,19,4000,3900,11,2018,Q1,21.4,3.5,0.7,7.4,12.0,5.9,178,MI,9984072
617,MI,37000,70000,7500,11,23000,8500,12,2018,Q2,75.4,18.6,10.8,11.7,12.7,9.8,178,MI,9984072
618,MI,88000,88000,8000,9,3000,22000,25,2018,Q3,92.4,13.8,1.1,23.8,19.5,18.6,178,MI,9984072
619,MI,77000,77000,6000,8,3900,1800,2,2018,Q4,52.0,31.2,15.6,15.1,2.4,6.6,178,MI,9984072
620,MN,39000,62000,3900,6,8000,2900,5,2018,Q1,2.0,0.7,1.9,0.6,1.1,1.6,179,MN,5606249
621,MN,69000,116000,8500,7,42000,25000,22,2018,Q2,12.9,9.3,7.2,6.0,8.0,20.7,179,MN,5606249
622,MN,121000,127000,29000,23,1600,6500,5,2018,Q3,44.5,12.4,6.0,28.4,9.3,8.1,179,MN,5606249
623,MN,84000,86000,11500,13,2500,590,1,2018,Q4,28.4,5.2,4.2,7.9,3.8,2.4,179,MN,5606249
624,MS,19000,32000,2000,6,28000,5500,17,2018,Q1,7.0,4.8,0.0,0.6,2.4,34.4,180,MS,2981020
625,MS,50000,50000,3400,7,4000,7000,14,2018,Q2,44.6,26.2,0.0,0.2,3.5,2.2,180,MS,2981020
626,MS,16500,16500,2900,18,110,650,4,2018,Q3,25.2,8.6,0.0,0.5,7.5,7.2,180,MS,2981020
627,MS,14500,25000,2000,8,330,50,0,2018,Q4,26.5,6.7,0.2,0.5,3.0,4.5,180,MS,2981020
628,MO,8000,8000,1400,18,1400,50,0,2018,Q1,86.0,77.8,0.3,3.5,26.5,23.9,181,MO,6121623
629,MO,7000,7000,390,6,2100,800,11,2018,Q2,11.8,13.2,0.8,1.5,8.3,2.6,181,MO,6121623
630,MO,10000,10000,540,5,260,410,4,2018,Q3,18.2,16.9,1.2,1.2,7.5,1.1,181,MO,6121623
631,MO,10000,10000,880,9,170,150,2,2018,Q4,37.0,10.0,1.1,2.3,1.9,4.1,181,MO,6121623
632,MT,35000,60000,140,0,840,0,0,2018,Q1,28.9,0.0,0.0,26.1,0.1,0.1,182,MT,1060665
633,MT,50000,176000,5500,3,17000,22000,13,2018,Q2,42.9,4.7,3.3,1.7,0.9,1.2,182,MT,1060665
634,MT,145000,153000,18500,12,3100,22000,14,2018,Q3,43.8,18.5,18.0,6.8,21.8,2.7,182,MT,1060665
635,MT,98000,102000,5500,5,3100,500,0,2018,Q4,40.7,13.0,5.6,17.5,2.9,0.0,182,MT,1060665
636,NE,6500,14000,430,3,0,0,0,2018,Q1,4.5,1.6,0.0,2.8,1.7,0.9,183,NE,1925614
637,NE,10500,46000,2100,5,4000,900,2,2018,Q2,5.0,1.4,1.4,4.2,9.0,5.5,183,NE,1925614
638,NE,52000,54000,6500,12,8500,5000,9,2018,Q3,24.1,3.2,5.9,6.5,4.3,4.0,183,NE,1925614
639,NE,45000,45000,5000,11,7000,840,2,2018,Q4,3.0,0.7,0.7,0.3,2.9,1.0,183,NE,1925614
640,NJ,6500,6500,730,11,180,190,3,2018,Q1,14.9,1.9,0.0,0.4,3.8,0.8,186,NJ,8886025
641,NJ,4400,15000,270,2,1300,170,1,2018,Q2,16.5,3.3,0.0,0.1,3.4,0.1,186,NJ,8886025
642,NJ,14000,14000,320,2,250,220,2,2018,Q3,12.3,5.1,0.2,0.1,1.0,0.4,186,NJ,8886025
643,NJ,15500,15500,1300,8,30,80,1,2018,Q4,14.0,3.2,0.1,0.0,5.4,0.3,186,NJ,8886025
644,NM,7500,7500,3900,52,180,0,0,2018,Q1,42.8,0.5,0.0,1.3,9.4,0.5,187,NM,2092741
645,NM,1900,4300,50,1,1700,450,10,2018,Q2,0.3,0.1,0.3,0.0,0.2,1.0,187,NM,2092741
646,NM,6000,7000,1200,17,3800,1000,14,2018,Q3,0.0,0.0,0.0,12.3,0.4,0.2,187,NM,2092741
647,NM,8000,8000,3000,38,50,0,0,2018,Q4,81.3,0.8,3.7,0.1,8.0,1.2,187,NM,2092741
648,NY,26000,26000,3700,14,400,170,1,2018,Q1,25.3,11.9,1.4,1.9,8.0,6.0,188,NY,19530351
649,NY,20000,42000,2700,6,11000,2400,6,2018,Q2,39.6,20.0,15.0,6.6,16.7,3.7,188,NY,19530351
650,NY,55000,56000,3900,7,3600,3700,7,2018,Q3,40.7,20.6,18.6,24.4,22.9,10.2,188,NY,19530351
651,NY,53000,53000,4400,8,1000,1500,3,2018,Q4,26.0,4.5,7.8,2.4,7.8,0.7,188,NY,19530351
652,NC,18500,18500,4200,23,2400,260,1,2018,Q1,29.7,10.2,0.3,0.3,13.4,8.0,189,NC,10381615
653,NC,16000,17500,2500,14,4100,800,5,2018,Q2,9.7,2.6,0.5,2.4,14.6,0.8,189,NC,10381615
654,NC,18000,18000,2200,12,2600,2000,11,2018,Q3,66.0,17.9,11.4,8.4,11.4,3.1,189,NC,10381615
655,NC,16000,16000,2700,17,250,300,2,2018,Q4,53.0,10.4,3.8,2.0,11.1,5.2,189,NC,10381615
656,ND,66000,101000,3200,3,2600,10,0,2018,Q1,1.4,0.1,1.1,0.0,0.8,0.0,190,ND,758080
657,ND,74000,460000,23000,5,23000,64000,14,2018,Q2,34.8,7.9,4.9,4.7,4.9,4.3,190,ND,758080
658,ND,455000,490000,59000,12,23000,14500,3,2018,Q3,52.6,11.5,9.6,10.4,10.9,1.2,190,ND,758080
659,ND,430000,435000,29000,7,7500,1500,0,2018,Q4,29.5,9.4,8.1,10.6,4.3,4.6,190,ND,758080
660,OH,12000,14000,4500,32,300,580,4,2018,Q1,39.6,10.0,6.5,3.2,15.8,11.6,191,OH,11676341
661,OH,11000,13000,1500,12,9000,2100,16,2018,Q2,38.8,30.7,1.7,2.7,21.6,1.5,191,OH,11676341
662,OH,16000,16000,1300,8,1300,2100,13,2018,Q3,58.9,40.9,2.6,1.3,11.9,1.2,191,OH,11676341
663,OH,15500,15500,2100,14,170,450,3,2018,Q4,29.3,5.8,0.1,8.1,2.4,9.9,191,OH,11676341
664,OK,17000,18000,3700,21,890,240,1,2018,Q1,24.1,8.5,3.2,0.1,3.1,2.0,192,OK,3940235
665,OK,15500,15500,1700,11,10500,6500,42,2018,Q2,60.2,10.9,9.6,26.7,12.4,0.1,192,OK,3940235
666,OK,2100,2100,370,18,20,10,0,2018,Q3,59.6,51.1,0.1,23.5,17.2,23.4,192,OK,3940235
667,OK,2200,57000,2500,4,60,20,0,2018,Q4,13.1,0.4,0.0,0.0,0.0,0.3,192,OK,3940235
668,OR,81000,89000,4800,5,16500,3900,4,2018,Q1,36.0,0.7,1.2,6.7,3.7,1.0,193,OR,4181886
669,OR,41000,107000,3400,3,17500,24000,22,2018,Q2,46.1,3.5,8.1,6.6,15.6,0.2,193,OR,4181886
670,OR,116000,117000,13000,11,3000,49000,42,2018,Q3,57.2,2.8,7.0,45.1,10.7,0.8,193,OR,4181886
671,OR,89000,101000,13000,13,10500,12000,12,2018,Q4,44.1,4.6,16.0,14.8,0.9,0.2,193,OR,4181886
672,PA,14500,15000,3300,22,1200,670,4,2018,Q1,34.4,5.6,3.3,9.3,5.9,9.9,194,PA,12800922
673,PA,15500,19500,1100,6,6000,1600,8,2018,Q2,31.3,16.0,2.2,2.0,1.6,1.9,194,PA,12800922
674,PA,20000,21000,860,4,2900,2300,11,2018,Q3,23.5,8.1,1.9,1.6,1.7,2.6,194,PA,12800922
675,PA,21000,21000,4000,19,270,1500,7,2018,Q4,26.9,10.7,6.7,13.0,7.8,5.4,194,PA,12800922
676,SC,13500,14500,1800,12,1900,2800,19,2018,Q1,29.3,15.5,0.7,2.6,13.5,3.0,196,SC,5084156
677,SC,14000,14000,1300,9,2600,4000,29,2018,Q2,14.2,3.5,0.7,1.6,10.0,3.0,196,SC,5084156
678,SC,9500,11500,1400,12,670,1100,10,2018,Q3,76.8,53.4,0.7,32.4,7.6,0.9,196,SC,5084156
679,SC,10000,12500,1500,12,770,790,6,2018,Q4,32.2,16.1,0.3,1.4,1.3,5.5,196,SC,5084156
680,SD,23000,29000,390,1,250,90,0,2018,Q1,4.4,0.1,0.0,0.0,0.5,0.1,197,SD,878698
681,SD,10000,169000,17000,10,12500,65000,38,2018,Q2,55.1,40.4,7.3,3.8,37.5,0.0,197,SD,878698
682,SD,168000,197000,22000,11,8000,6500,3,2018,Q3,54.7,32.9,3.3,8.5,45.0,1.6,197,SD,878698
683,SD,140000,140000,21000,15,2000,430,0,2018,Q4,12.8,1.3,7.0,1.6,2.1,2.5,197,SD,878698
684,TN,10000,10000,3400,34,540,470,5,2018,Q1,29.2,20.4,2.3,3.0,13.2,19.7,198,TN,6771631
685,TN,8000,8000,1200,15,3800,1300,16,2018,Q2,30.0,22.9,3.0,3.4,6.2,2.5,198,TN,6771631
686,TN,9000,9000,900,10,540,1000,11,2018,Q3,70.6,53.2,0.7,13.2,5.6,2.1,198,TN,6771631
687,TN,8000,8500,1900,22,30,370,4,2018,Q4,49.8,20.8,1.9,11.4,9.1,5.1,198,TN,6771631
688,TX,205000,290000,32000,11,124000,42000,14,2018,Q1,21.5,10.1,4.8,0.2,1.7,10.3,199,TX,28628666
689,TX,305000,315000,38000,12,79000,71000,23,2018,Q2,26.5,17.7,8.1,4.5,8.5,14.6,199,TX,28628666
690,TX,112000,124000,7500,6,7500,9500,8,2018,Q3,18.8,4.4,0.4,6.2,2.8,0.9,199,TX,28628666
691,TX,116000,260000,17000,7,11000,70,0,2018,Q4,18.6,18.5,5.5,3.0,6.2,3.7,199,TX,28628666
692,UT,7500,17000,620,4,490,50,0,2018,Q1,18.7,0.0,0.1,0.0,0.1,0.5,200,UT,3153550
693,UT,14500,26000,1900,7,9500,4100,16,2018,Q2,43.5,3.7,2.0,1.7,1.4,1.9,200,UT,3153550
694,UT,30000,30000,4400,15,970,1400,5,2018,Q3,34.0,15.5,0.1,0.2,1.0,0.7,200,UT,3153550
695,UT,27000,27000,3400,13,180,400,1,2018,Q4,48.0,9.8,5.5,8.0,6.5,4.9,200,UT,3153550
696,VT,5500,5500,810,15,20,0,0,2018,Q1,17.0,1.2,0.3,0.6,2.0,0.8,201,VT,624358
697,VT,5500,6500,520,8,2600,140,2,2018,Q2,21.8,1.5,0.7,16.7,1.8,0.1,201,VT,624358
698,VT,7000,7000,90,1,1200,80,1,2018,Q3,29.3,4.9,4.3,24.1,0.3,0.0,201,VT,624358
699,VT,6500,6500,170,3,10,20,0,2018,Q4,6.2,1.3,0.0,0.0,0.8,0.7,201,VT,624358
700,VA,7000,7000,2100,30,540,160,2,2018,Q1,26.0,11.3,0.3,3.9,7.7,16.3,202,VA,8501286
701,VA,5000,6000,500,8,2600,700,12,2018,Q2,22.7,18.8,3.2,1.3,23.1,1.5,202,VA,8501286
702,VA,7500,7500,610,8,1000,990,13,2018,Q3,39.0,28.5,2.6,7.7,11.6,1.7,202,VA,8501286
703,VA,7000,7000,1100,16,80,1300,19,2018,Q4,57.1,38.4,12.1,13.1,5.8,2.8,202,VA,8501286
704,WA,44000,90000,4600,5,7000,870,1,2018,Q1,8.5,0.9,1.0,1.9,0.4,0.4,203,WA,7523869
705,WA,55000,122000,7500,6,15500,19000,16,2018,Q2,55.9,9.4,7.6,7.6,7.1,0.6,203,WA,7523869
706,WA,76000,84000,12000,14,7000,3600,4,2018,Q3,7.1,0.6,0.6,2.7,9.9,2.8,203,WA,7523869
707,WA,75000,81000,11000,14,5500,1400,2,2018,Q4,34.5,0.5,11.7,4.9,3.3,1.3,203,WA,7523869
708,WV,4700,8500,2500,29,330,60,1,2018,Q1,15.0,8.0,2.0,3.4,20.8,4.9,204,WV,1804291
709,WV,7000,7000,570,8,2300,550,8,2018,Q2,13.8,7.5,0.9,2.9,13.6,7.9,204,WV,1804291
710,WV,7500,8000,520,7,170,1200,15,2018,Q3,57.0,52.6,0.3,0.3,6.8,2.1,204,WV,1804291
711,WV,7000,7000,1200,17,50,70,1,2018,Q4,29.5,15.2,0.6,7.2,4.2,6.8,204,WV,1804291
712,WI,21000,29000,4600,16,2800,1600,6,2018,Q1,14.1,3.7,1.2,1.5,3.6,3.7,205,WI,5807406
713,WI,26000,56000,6500,12,12000,7000,13,2018,Q2,32.1,16.9,18.3,27.1,29.5,0.8,205,WI,5807406
714,WI,61000,69000,10000,14,2400,3800,6,2018,Q3,54.4,32.7,2.6,19.5,6.1,4.3,205,WI,5807406
715,WI,48000,48000,8500,18,1600,530,1,2018,Q4,29.9,28.3,1.5,24.5,7.6,5.2,205,WI,5807406
716,WY,5500,9000,220,2,70,0,0,2018,Q1,0.8,0.3,0.1,0.0,1.9,0.9,206,WY,577601
717,WY,8500,28000,2300,8,5500,2200,8,2018,Q2,9.6,0.1,2.1,2.1,2.7,3.7,206,WY,577601
718,WY,33000,34000,3900,11,1800,3900,11,2018,Q3,35.4,2.8,2.2,9.0,3.3,4.0,206,WY,577601
719,WY,30000,32000,2700,8,220,0,0,2018,Q4,43.9,7.9,2.6,6.8,1.0,1.4,206,WY,577601
720,AL,5500,5500,650,12,800,200,4,2019,Q1,27.2,22.7,1.8,0.3,3.1,9.0,208,AL,4903185
721,AL,0,0,0,0,0,0,0,2019,Q2,0.0,0.0,0.0,0.0,0.0,0.0,208,AL,4903185
722,AL,7000,7000,990,14,160,330,5,2019,Q3,30.6,24.6,2.9,0.2,9.7,6.4,208,AL,4903185
723,AL,6000,6000,660,11,240,70,1,2019,Q4,46.7,26.7,0.6,4.9,9.0,11.3,208,AL,4903185
724,AZ,22000,22000,2500,11,430,90,0,2019,Q1,25.8,7.9,6.5,16.2,8.4,0.2,210,AZ,7278717
725,AZ,0,0,0,0,0,0,0,2019,Q2,0.0,0.0,0.0,0.0,0.0,0.0,210,AZ,7278717
726,AZ,26000,30000,2000,7,5500,3800,13,2019,Q3,29.0,9.9,2.7,11.4,13.2,0.6,210,AZ,7278717
727,AZ,34000,36000,7000,19,300,300,1,2019,Q4,53.9,1.5,0.4,23.3,4.0,2.9,210,AZ,7278717
728,AR,28000,28000,6500,23,20,20,0,2019,Q1,19.5,1.5,3.3,55.3,0.7,2.9,211,AR,3017804
729,AR,0,0,0,0,0,0,0,2019,Q2,0.0,0.0,0.0,0.0,0.0,0.0,211,AR,3017804
730,AR,20000,21000,2100,10,170,680,3,2019,Q3,53.2,19.7,6.8,50.5,6.9,39.3,211,AR,3017804
731,AR,19000,19500,1600,8,430,310,2,2019,Q4,47.7,39.7,1.4,7.8,12.5,32.8,211,AR,3017804
732,CA,1140000,1580000,235000,15,83000,86000,5,2019,Q1,43.5,13.4,6.4,12.3,8.7,5.6,212,CA,39512223
733,CA,0,0,0,0,0,0,0,2019,Q2,0.0,0.0,0.0,0.0,0.0,0.0,212,CA,39512223
734,CA,650000,700000,93000,13,87000,108000,15,2019,Q3,49.0,11.5,8.7,16.0,11.1,3.2,212,CA,39512223
735,CA,700000,1300000,136000,10,160000,37000,3,2019,Q4,40.5,10.9,5.2,11.3,8.0,5.0,212,CA,39512223
736,CO,5000,7500,320,4,0,0,0,2019,Q1,11.2,0.3,0.0,0.0,2.5,0.6,213,CO,5758736
737,CO,0,0,0,0,0,0,0,2019,Q2,0.0,0.0,0.0,0.0,0.0,0.0,213,CO,5758736
738,CO,33000,36000,9500,26,2200,3400,9,2019,Q3,79.8,12.5,4.8,10.2,9.4,1.0,213,CO,5758736
739,CO,27000,27000,8000,30,1100,440,2,2019,Q4,67.7,1.5,0.0,15.3,2.6,0.8,213,CO,5758736
740,CT,3100,3100,270,9,170,10,0,2019,Q1,10.1,1.3,0.0,0.0,3.6,1.7,214,CT,3565287
741,CT,0,0,0,0,0,0,0,2019,Q2,0.0,0.0,0.0,0.0,0.0,0.0,214,CT,3565287
742,CT,4400,4400,200,5,70,470,11,2019,Q3,24.3,6.9,2.4,0.0,3.9,0.5,214,CT,3565287
743,CT,3800,4000,300,8,10,50,1,2019,Q4,22.2,11.1,2.4,0.0,1.7,1.6,214,CT,3565287
744,FL,300000,315000,46000,15,41000,16500,5,2019,Q1,46.9,24.8,5.5,22.9,7.4,5.5,217,FL,21477737
745,FL,0,0,0,0,0,0,0,2019,Q2,0.0,0.0,0.0,0.0,0.0,0.0,217,FL,21477737
746,FL,210000,240000,20000,8,46000,33000,14,2019,Q3,44.9,20.7,6.3,18.2,11.7,10.8,217,FL,21477737
747,FL,270000,300000,30000,10,28000,15000,5,2019,Q4,43.5,25.6,7.8,11.7,7.8,4.8,217,FL,21477737
748,GA,120000,129000,14500,11,19500,8000,6,2019,Q1,69.6,17.8,7.4,9.6,10.6,4.9,218,GA,10617423
749,GA,0,0,0,0,0,0,0,2019,Q2,0.0,0.0,0.0,0.0,0.0,0.0,218,GA,10617423
750,GA,116000,118000,13000,11,12000,36000,31,2019,Q3,52.5,18.6,1.6,25.8,17.1,4.6,218,GA,10617423
751,GA,119000,131000,20000,15,10500,10500,8,2019,Q4,34.3,18.2,5.6,9.1,2.6,4.4,218,GA,10617423
752,HI,16500,16500,390,2,660,3700,22,2019,Q1,72.1,64.9,0.1,0.7,2.9,0.0,219,HI,1415872
753,HI,0,0,0,0,0,0,0,2019,Q2,0.0,0.0,0.0,0.0,0.0,0.0,219,HI,1415872
754,HI,17000,17000,200,1,200,6000,35,2019,Q3,37.2,39.0,0.3,0.0,1.3,0.2,219,HI,1415872
755,HI,17000,17000,1300,8,300,50,0,2019,Q4,44.0,61.8,0.2,1.0,0.1,0.0,219,HI,1415872
756,ID,132000,145000,12500,9,4600,1100,1,2019,Q1,24.5,8.0,8.0,9.2,8.6,0.0,220,ID,1787065
757,ID,0,0,0,0,0,0,0,2019,Q2,0.0,0.0,0.0,0.0,0.0,0.0,220,ID,1787065
758,ID,95000,111000,10500,9,8500,12500,11,2019,Q3,59.9,15.4,21.7,9.9,18.5,0.8,220,ID,1787065
759,ID,111000,196000,15500,8,1800,1000,1,2019,Q4,20.3,4.3,5.4,10.5,9.9,1.1,220,ID,1787065
760,IL,9000,9000,2300,26,210,80,1,2019,Q1,33.3,14.7,3.1,0.7,15.5,10.1,221,IL,12671821
761,IL,0,0,0,0,0,0,0,2019,Q2,0.0,0.0,0.0,0.0,0.0,0.0,221,IL,12671821
762,IL,13500,13500,940,7,460,1300,10,2019,Q3,35.9,8.3,0.7,2.5,5.5,11.5,221,IL,12671821
763,IL,13000,13000,1700,13,1000,1500,12,2019,Q4,28.9,27.3,1.1,3.4,8.9,8.9,221,IL,12671821
764,IN,6000,6000,710,12,440,280,5,2019,Q1,15.6,8.8,2.6,5.5,7.1,1.7,222,IN,6732219
765,IN,0,0,0,0,0,0,0,2019,Q2,0.0,0.0,0.0,0.0,0.0,0.0,222,IN,6732219
766,IN,14000,16000,1000,6,2200,1500,9,2019,Q3,55.7,15.2,3.0,23.1,19.2,1.4,222,IN,6732219
767,IN,17500,17500,1300,7,160,180,1,2019,Q4,20.7,15.0,2.6,6.7,1.6,0.6,222,IN,6732219
768,IA,7500,11500,1600,14,170,140,1,2019,Q1,34.8,1.7,0.6,0.3,7.7,3.5,223,IA,3155070
769,IA,0,0,0,0,0,0,0,2019,Q2,0.0,0.0,0.0,0.0,0.0,0.0,223,IA,3155070
770,IA,30000,33000,3400,10,2000,4800,15,2019,Q3,39.4,7.1,5.8,26.3,27.8,3.6,223,IA,3155070
771,IA,32000,32000,7500,23,1500,530,2,2019,Q4,61.0,17.8,5.6,25.2,19.7,4.2,223,IA,3155070
772,KS,4500,4500,1500,33,370,110,2,2019,Q1,86.9,7.8,2.5,12.2,21.6,4.0,224,KS,2913314
773,KS,0,0,0,0,0,0,0,2019,Q2,0.0,0.0,0.0,0.0,0.0,0.0,224,KS,2913314
774,KS,7500,7500,1900,25,190,400,5,2019,Q3,67.5,33.8,21.8,23.9,1.2,0.5,224,KS,2913314
775,KS,4800,4900,650,13,190,460,9,2019,Q4,65.8,15.0,11.9,43.4,0.4,14.4,224,KS,2913314
776,KY,3700,4400,890,20,60,30,1,2019,Q1,21.6,12.9,0.1,5.3,10.7,4.6,225,KY,4467673
777,KY,0,0,0,0,0,0,0,2019,Q2,0.0,0.0,0.0,0.0,0.0,0.0,225,KY,4467673
778,KY,8000,8500,850,10,700,430,5,2019,Q3,29.2,17.6,0.4,5.2,7.9,8.6,225,KY,4467673
779,KY,8500,8500,410,5,190,170,2,2019,Q4,33.0,20.1,0.2,5.3,12.0,9.9,225,KY,4467673
780,LA,49000,51000,3500,7,9000,16000,31,2019,Q1,57.8,1.3,0.1,0.3,1.0,0.7,226,LA,4648794
781,LA,0,0,0,0,0,0,0,2019,Q2,0.0,0.0,0.0,0.0,0.0,0.0,226,LA,4648794
782,LA,42000,44000,4100,9,4400,13000,30,2019,Q3,67.1,66.8,0.4,57.0,2.5,2.7,226,LA,4648794
783,LA,41000,46000,2300,5,70,80,0,2019,Q4,33.0,18.5,3.5,0.7,6.1,0.9,226,LA,4648794
784,ME,7000,7000,470,7,10,30,0,2019,Q1,2.3,0.1,0.0,0.0,1.4,0.8,227,ME,1344212
785,ME,0,0,0,0,0,0,0,2019,Q2,0.0,0.0,0.0,0.0,0.0,0.0,227,ME,1344212
786,ME,11500,12000,1100,9,460,3500,29,2019,Q3,10.1,0.7,0.1,0.0,0.2,0.1,227,ME,1344212
787,ME,11500,11500,770,7,110,40,0,2019,Q4,20.5,0.0,0.1,2.5,0.3,0.2,227,ME,1344212
788,MD,8000,8000,2300,29,30,10,0,2019,Q1,12.6,5.1,0.2,0.0,10.1,2.4,228,MD,6045680
789,MD,0,0,0,0,0,0,0,2019,Q2,0.0,0.0,0.0,0.0,0.0,0.0,228,MD,6045680
790,MD,7500,7500,790,11,720,1200,16,2019,Q3,26.7,2.7,0.0,0.3,5.1,1.4,228,MD,6045680
791,MD,6500,8000,1100,14,390,420,5,2019,Q4,12.6,4.5,1.8,0.0,0.3,5.0,228,MD,6045680
792,MA,3800,3800,680,18,60,20,1,2019,Q1,10.3,0.0,0.0,4.3,6.3,0.9,229,MA,6892503
793,MA,0,0,0,0,0,0,0,2019,Q2,0.0,0.0,0.0,0.0,0.0,0.0,229,MA,6892503
794,MA,13500,13500,1100,8,800,560,4,2019,Q3,13.0,2.9,0.2,0.0,0.7,7.3,229,MA,6892503
795,MA,5000,5000,1200,24,60,130,3,2019,Q4,7.6,0.2,0.8,0.0,1.1,10.7,229,MA,6892503
796,MI,24000,33000,6500,20,0,0,0,2019,Q1,18.2,5.8,1.5,0.2,12.2,0.7,230,MI,9986857
797,MI,0,0,0,0,0,0,0,2019,Q2,0.0,0.0,0.0,0.0,0.0,0.0,230,MI,9986857
798,MI,94000,99000,11000,11,3000,3300,3,2019,Q3,42.7,16.4,8.7,7.3,2.1,1.5,230,MI,9986857
799,MI,84000,84000,6500,8,820,1500,2,2019,Q4,37.0,9.7,9.2,8.3,1.1,3.8,230,MI,9986857
800,MN,17000,43000,2200,5,80,470,1,2019,Q1,1.3,0.2,1.9,0.0,2.0,0.8,231,MN,5639632
801,MN,0,0,0,0,0,0,0,2019,Q2,0.0,0.0,0.0,0.0,0.0,0.0,231,MN,5639632
802,MN,126000,129000,21000,16,5000,2100,2,2019,Q3,54.9,8.2,4.0,13.4,6.6,2.1,231,MN,5639632
803,MN,97000,97000,15500,16,3400,60,0,2019,Q4,37.3,7.8,1.2,6.1,1.8,4.0,231,MN,5639632
804,MS,26000,29000,2400,8,3800,1700,6,2019,Q1,14.6,71.0,64.8,48.4,1.9,5.5,232,MS,2976149
805,MS,0,0,0,0,0,0,0,2019,Q2,0.0,0.0,0.0,0.0,0.0,0.0,232,MS,2976149
806,MS,23000,23000,2900,13,550,850,4,2019,Q3,59.1,45.6,2.4,25.4,4.0,5.1,232,MS,2976149
807,MS,21000,29000,3400,12,350,50,0,2019,Q4,41.0,38.0,4.1,13.9,10.5,5.2,232,MS,2976149
808,MO,8500,8500,1100,13,80,60,1,2019,Q1,5.4,2.3,1.9,0.5,5.4,3.2,233,MO,6137428
809,MO,0,0,0,0,0,0,0,2019,Q2,0.0,0.0,0.0,0.0,0.0,0.0,233,MO,6137428
810,MO,10500,10500,500,5,260,350,3,2019,Q3,18.4,7.1,0.4,0.8,2.1,0.6,233,MO,6137428
811,MO,9000,10000,1500,15,260,10,0,2019,Q4,19.2,5.9,0.2,0.1,1.5,0.4,233,MO,6137428
812,MT,37000,68000,3500,5,1700,1900,3,2019,Q1,15.1,0.0,0.0,0.8,0.8,1.1,234,MT,1068778
813,MT,0,0,0,0,0,0,0,2019,Q2,0.0,0.0,0.0,0.0,0.0,0.0,234,MT,1068778
814,MT,147000,154000,18500,12,3600,12500,8,2019,Q3,28.0,10.0,10.6,6.1,4.1,1.0,234,MT,1068778
815,MT,71000,79000,7000,9,770,4000,5,2019,Q4,15.7,1.8,0.0,0.8,2.8,0.3,234,MT,1068778
816,NE,13500,16500,2500,15,0,0,0,2019,Q1,32.3,1.3,32.0,0.8,2.2,0.1,235,NE,1934408
817,NE,0,0,0,0,0,0,0,2019,Q2,0.0,0.0,0.0,0.0,0.0,0.0,235,NE,1934408
818,NE,40000,41000,3700,9,680,1400,3,2019,Q3,29.2,2.7,1.8,2.8,7.2,1.9,235,NE,1934408
819,NE,37000,38000,2700,7,320,10,0,2019,Q4,5.8,1.0,0.0,3.5,2.8,6.4,235,NE,1934408
820,NJ,6000,6000,310,5,130,60,1,2019,Q1,15.3,4.4,0.0,0.0,3.5,0.6,238,NJ,8882190
821,NJ,0,0,0,0,0,0,0,2019,Q2,0.0,0.0,0.0,0.0,0.0,0.0,238,NJ,8882190
822,NJ,16000,16000,680,4,650,3100,19,2019,Q3,26.1,2.3,0.3,0.2,0.5,0.1,238,NJ,8882190
823,NJ,15500,15500,220,1,60,80,1,2019,Q4,2.5,0.9,0.0,0.0,1.3,0.5,238,NJ,8882190
824,NM,4800,4800,170,4,0,0,0,2019,Q1,3.5,1.1,0.6,0.0,1.4,0.3,239,NM,2096829
825,NM,0,0,0,0,0,0,0,2019,Q2,0.0,0.0,0.0,0.0,0.0,0.0,239,NM,2096829
826,NM,2400,5500,170,3,1000,550,10,2019,Q3,39.5,29.1,0.9,0.0,0.8,0.0,239,NM,2096829
827,NM,6000,6000,70,1,30,10,0,2019,Q4,5.2,0.3,0.4,0.0,2.6,0.0,239,NM,2096829
828,NY,24000,24000,3400,14,110,80,0,2019,Q1,10.6,2.5,1.7,1.7,7.7,9.0,240,NY,19453561
829,NY,0,0,0,0,0,0,0,2019,Q2,0.0,0.0,0.0,0.0,0.0,0.0,240,NY,19453561
830,NY,65000,69000,8500,12,3200,3700,5,2019,Q3,30.7,11.5,1.2,8.2,2.5,3.8,240,NY,19453561
831,NY,65000,65000,10000,15,630,510,1,2019,Q4,33.3,24.8,3.0,8.7,3.2,4.0,240,NY,19453561
832,NC,10500,14500,1700,12,750,890,6,2019,Q1,16.4,2.0,0.2,0.7,2.2,3.4,241,NC,10488084
833,NC,0,0,0,0,0,0,0,2019,Q2,0.0,0.0,0.0,0.0,0.0,0.0,241,NC,10488084
834,NC,22000,22000,2700,12,1800,5000,23,2019,Q3,26.9,11.3,19.7,4.0,9.7,5.7,241,NC,10488084
835,NC,17500,18000,3200,18,240,770,4,2019,Q4,44.5,21.0,4.5,2.4,15.7,11.7,241,NC,10488084
836,ND,92000,102000,1100,1,0,1300,1,2019,Q1,6.9,0.0,0.0,6.5,0.4,1.3,242,ND,762062
837,ND,0,0,0,0,0,0,0,2019,Q2,0.0,0.0,0.0,0.0,0.0,0.0,242,ND,762062
838,ND,530000,530000,81000,15,15000,17500,3,2019,Q3,48.4,10.2,14.7,9.0,23.7,9.3,242,ND,762062
839,ND,420000,420000,27000,6,3000,4300,1,2019,Q4,43.0,7.1,1.8,3.7,2.0,1.7,242,ND,762062
840,OH,10500,12500,3500,28,1700,440,4,2019,Q1,49.3,9.9,11.1,1.1,6.7,3.1,243,OH,11689100
841,OH,0,0,0,0,0,0,0,2019,Q2,0.0,0.0,0.0,0.0,0.0,0.0,243,OH,11689100
842,OH,19500,19500,1600,8,2800,3000,15,2019,Q3,40.6,23.0,4.2,1.8,5.9,3.9,243,OH,11689100
843,OH,19000,19000,2700,14,800,390,2,2019,Q4,33.2,5.6,0.4,0.6,3.3,7.6,243,OH,11689100
844,OK,21000,55000,50,0,20,0,0,2019,Q1,7.7,0.3,0.0,0.0,0.0,0.0,244,OK,3956971
845,OK,0,0,0,0,0,0,0,2019,Q2,0.0,0.0,0.0,0.0,0.0,0.0,244,OK,3956971
846,OK,7500,7500,930,12,130,1100,15,2019,Q3,29.0,1.4,0.1,0.1,4.1,4.4,244,OK,3956971
847,OK,6500,37000,2500,7,460,0,0,2019,Q4,1.0,0.4,0.0,0.4,0.4,0.1,244,OK,3956971
848,OR,89000,95000,7500,8,8000,1800,2,2019,Q1,18.0,0.1,0.2,0.2,2.7,0.5,245,OR,4217737
849,OR,0,0,0,0,0,0,0,2019,Q2,0.0,0.0,0.0,0.0,0.0,0.0,245,OR,4217737
850,OR,83000,118000,8000,7,6000,21000,18,2019,Q3,35.4,12.8,19.8,15.1,16.6,0.4,245,OR,4217737
851,OR,115000,130000,15000,12,650,2000,2,2019,Q4,35.8,2.1,4.7,1.8,16.6,16.0,245,OR,4217737
852,PA,15000,15000,2900,19,370,320,2,2019,Q1,15.3,4.6,3.7,4.0,7.5,9.5,246,PA,12801989
853,PA,0,0,0,0,0,0,0,2019,Q2,0.0,0.0,0.0,0.0,0.0,0.0,246,PA,12801989
854,PA,19000,20000,980,5,1800,1900,10,2019,Q3,23.4,8.8,1.8,5.0,1.5,5.6,246,PA,12801989
855,PA,21000,21000,3800,18,1600,1100,5,2019,Q4,33.2,4.6,1.0,3.2,2.3,2.9,246,PA,12801989
856,SC,12000,13000,690,5,2000,340,3,2019,Q1,18.5,14.5,0.0,1.7,12.4,1.0,248,SC,5148714
857,SC,0,0,0,0,0,0,0,2019,Q2,0.0,0.0,0.0,0.0,0.0,0.0,248,SC,5148714
858,SC,14500,14500,2200,15,2000,1400,10,2019,Q3,44.9,11.6,0.6,16.2,19.6,3.7,248,SC,5148714
859,SC,12500,13500,1900,14,1400,430,3,2019,Q4,56.7,18.4,1.7,3.5,13.1,6.3,248,SC,5148714
860,SD,18500,18500,1100,6,0,0,0,2019,Q1,0.8,0.0,0.0,2.5,0.8,2.2,249,SD,884659
861,SD,0,0,0,0,0,0,0,2019,Q2,0.0,0.0,0.0,0.0,0.0,0.0,249,SD,884659
862,SD,255000,255000,51000,20,1300,8000,3,2019,Q3,10.4,3.5,0.3,14.0,4.0,1.5,249,SD,884659
863,SD,189000,189000,7500,4,0,40,0,2019,Q4,12.2,6.1,3.2,5.6,11.2,1.5,249,SD,884659
864,TN,6000,7000,1500,21,240,320,5,2019,Q1,62.8,23.6,5.1,0.9,7.7,7.1,250,TN,6829174
865,TN,0,0,0,0,0,0,0,2019,Q2,0.0,0.0,0.0,0.0,0.0,0.0,250,TN,6829174
866,TN,14000,14000,4500,32,2200,2200,16,2019,Q3,51.4,23.3,0.2,9.1,11.5,1.5,250,TN,6829174
867,TN,11000,11000,1300,12,20,70,1,2019,Q4,66.6,53.5,0.0,33.6,7.6,9.1,250,TN,6829174
868,TX,260000,330000,17000,5,61000,35000,11,2019,Q1,26.1,6.5,5.3,8.3,6.9,3.0,251,TX,28995881
869,TX,0,0,0,0,0,0,0,2019,Q2,0.0,0.0,0.0,0.0,0.0,0.0,251,TX,28995881
870,TX,126000,133000,11000,8,6500,7000,5,2019,Q3,21.9,18.3,4.4,11.5,7.2,2.1,251,TX,28995881
871,TX,129000,240000,17500,7,8000,1700,1,2019,Q4,23.1,14.0,4.6,4.9,5.8,1.4,251,TX,28995881
872,UT,8500,11000,1800,16,900,0,0,2019,Q1,22.9,0.0,0.1,0.0,0.3,8.8,252,UT,3205958
873,UT,0,0,0,0,0,0,0,2019,Q2,0.0,0.0,0.0,0.0,0.0,0.0,252,UT,3205958
874,UT,24000,29000,2800,10,3500,1700,6,2019,Q3,29.4,4.9,5.5,0.2,0.6,4.6,252,UT,3205958
875,UT,30000,32000,4400,14,970,90,0,2019,Q4,22.1,2.0,2.0,10.3,0.2,0.3,252,UT,3205958
876,VT,6500,6500,260,4,50,0,0,2019,Q1,6.2,0.1,2.4,0.0,0.2,1.2,253,VT,623989
877,VT,0,0,0,0,0,0,0,2019,Q2,0.0,0.0,0.0,0.0,0.0,0.0,253,VT,623989
878,VT,7000,7000,120,2,80,490,7,2019,Q3,22.2,4.3,0.7,0.0,0.5,0.1,253,VT,623989
879,VT,7000,7000,190,3,100,270,4,2019,Q4,21.0,1.3,0.6,0.8,0.6,0.9,253,VT,623989
880,VA,5500,5500,1100,20,80,110,2,2019,Q1,16.6,12.8,0.8,0.3,3.9,9.3,254,VA,8535519
881,VA,0,0,0,0,0,0,0,2019,Q2,0.0,0.0,0.0,0.0,0.0,0.0,254,VA,8535519
882,VA,9000,9000,570,6,350,820,9,2019,Q3,37.9,18.3,0.9,1.3,2.7,3.1,254,VA,8535519
883,VA,8000,8000,1200,15,10,190,2,2019,Q4,37.7,18.6,0.4,0.0,5.3,6.0,254,VA,8535519
884,WA,51000,75000,7000,9,5500,2200,3,2019,Q1,22.3,0.8,0.6,0.3,0.8,0.2,255,WA,7614893
885,WA,0,0,0,0,0,0,0,2019,Q2,0.0,0.0,0.0,0.0,0.0,0.0,255,WA,7614893
886,WA,85000,97000,21000,22,12000,10000,10,2019,Q3,47.3,0.9,2.5,4.6,9.4,0.3,255,WA,7614893
887,WA,89000,93000,12500,13,810,100,0,2019,Q4,40.3,2.3,0.6,19.6,2.9,3.2,255,WA,7614893
888,WV,5000,7000,1300,19,20,60,1,2019,Q1,10.3,3.2,1.1,0.2,5.0,1.3,256,WV,1792147
889,WV,0,0,0,0,0,0,0,2019,Q2,0.0,0.0,0.0,0.0,0.0,0.0,256,WV,1792147
890,WV,10000,10000,1100,11,200,1100,11,2019,Q3,33.7,10.7,0.7,2.7,6.9,0.3,256,WV,1792147
891,WV,7500,8000,1500,19,30,1600,20,2019,Q4,65.8,10.7,1.1,0.4,6.1,2.2,256,WV,1792147
892,WI,16500,17000,3700,22,580,100,1,2019,Q1,15.9,3.2,0.7,1.1,13.8,5.0,257,WI,5822434
893,WI,0,0,0,0,0,0,0,2019,Q2,0.0,0.0,0.0,0.0,0.0,0.0,257,WI,5822434
894,WI,63000,63000,6500,10,2400,10000,16,2019,Q3,46.4,20.5,13.9,18.1,6.5,3.9,257,WI,5822434
895,WI,46000,46000,8500,18,1800,3000,7,2019,Q4,40.0,22.1,14.8,14.1,22.0,7.3,257,WI,5822434
896,WY,6500,9500,250,3,0,0,0,2019,Q1,0.7,0.0,0.1,0.0,0.5,2.3,258,WY,578759
897,WY,0,0,0,0,0,0,0,2019,Q2,0.0,0.0,0.0,0.0,0.0,0.0,258,WY,578759
898,WY,24000,27000,3000,11,2500,3500,13,2019,Q3,45.7,0.4,3.3,2.2,6.3,2.5,258,WY,578759
899,WY,27000,28000,3300,12,100,490,2,2019,Q4,27.6,12.3,3.2,0.0,4.3,13.2,258,WY,578759
